[
  {
    "id": "45b4b964-2e91-4ea4-8bfd-030015d021ac",
    "data": [
      {
        "text": "me ajuda",
        "userDefined": false
      }
    ],
    "isTemplate": false,
    "count": 0,
    "lang": "pt-br",
    "updated": 0
  },
  {
    "id": "b002c995-d2aa-4460-8af4-ac024ca94308",
    "data": [
      {
        "text": "não estou entendendo o que fazer",
        "userDefined": false
      }
    ],
    "isTemplate": false,
    "count": 0,
    "lang": "pt-br",
    "updated": 0
  },
  {
    "id": "dd240c66-c898-41bf-85e5-e385ba7e838e",
    "data": [
      {
        "text": "onde consigo auxilio?",
        "userDefined": false
      }
    ],
    "isTemplate": false,
    "count": 0,
    "lang": "pt-br",
    "updated": 0
  },
  {
    "id": "bf204749-0bad-4a8c-9bbd-daf61274de09",
    "data": [
      {
        "text": "como usar o bot?",
        "userDefined": false
      }
    ],
    "isTemplate": false,
    "count": 0,
    "lang": "pt-br",
    "updated": 0
  },
  {
    "id": "f2bf1936-9a3f-43bb-8e83-9631d1e89d16",
    "data": [
      {
        "text": "como funciona o bot?",
        "userDefined": false
      }
    ],
    "isTemplate": false,
    "count": 0,
    "lang": "pt-br",
    "updated": 0
  },
  {
    "id": "c61653a6-f045-47d4-9fc9-57effb054b8d",
    "data": [
      {
        "text": "estou perdido",
        "userDefined": false
      }
    ],
    "isTemplate": false,
    "count": 0,
    "lang": "pt-br",
    "updated": 0
  },
  {
    "id": "bdf801b0-9936-4ed9-a535-589b2601d188",
    "data": [
      {
        "text": "não sei o que fazer",
        "userDefined": false
      }
    ],
    "isTemplate": false,
    "count": 0,
    "lang": "pt-br",
    "updated": 0
  },
  {
    "id": "e834d335-ef66-4fb4-b008-f0d4aa0115fc",
    "data": [
      {
        "text": "socorro",
        "userDefined": false
      }
    ],
    "isTemplate": false,
    "count": 0,
    "lang": "pt-br",
    "updated": 0
  },
  {
    "id": "2371ff76-1eee-42a9-8d9a-c787e0c49c64",
    "data": [
      {
        "text": "preciso de assistencia",
        "userDefined": false
      }
    ],
    "isTemplate": false,
    "count": 0,
    "lang": "pt-br",
    "updated": 0
  },
  {
    "id": "c9c726d8-a697-4c9a-a9eb-169895a8b4d8",
    "data": [
      {
        "text": "gostaria de auxilio",
        "userDefined": false
      }
    ],
    "isTemplate": false,
    "count": 0,
    "lang": "pt-br",
    "updated": 0
  },
  {
    "id": "844bf4dc-758c-47e7-a273-377bfa23a653",
    "data": [
      {
        "text": "necessito de ajuda",
        "userDefined": false
      }
    ],
    "isTemplate": false,
    "count": 0,
    "lang": "pt-br",
    "updated": 0
  },
  {
    "id": "0272b6e1-9272-426d-bd5b-d02ab75cc6f2",
    "data": [
      {
        "text": "menu de ajuda",
        "userDefined": false
      }
    ],
    "isTemplate": false,
    "count": 0,
    "lang": "pt-br",
    "updated": 0
  },
  {
    "id": "b0774e67-6efa-45d3-8eb0-1bf5826b5acb",
    "data": [
      {
        "text": "como posso conseguir ajuda?",
        "userDefined": false
      }
    ],
    "isTemplate": false,
    "count": 0,
    "lang": "pt-br",
    "updated": 0
  },
  {
    "id": "08f7a1d4-b585-470e-9d64-d3951e68cf29",
    "data": [
      {
        "text": "preciso de ajuda",
        "userDefined": false
      }
    ],
    "isTemplate": false,
    "count": 0,
    "lang": "pt-br",
    "updated": 0
  }
]