[
  {
    "id": "3a3583bb-65b0-4d75-ba59-7031e498eab4",
    "data": [
      {
        "text": "real",
        "userDefined": false
      },
      {
        "text": " 4 cotações",
        "userDefined": false
      }
    ],
    "isTemplate": false,
    "count": 0,
    "lang": "pt-br",
    "updated": 0
  },
  {
    "id": "fa97ac2a-392f-4bc9-85ec-e01d63c8b57f",
    "data": [
      {
        "text": "real",
        "userDefined": false
      },
      {
        "text": " principais cotações",
        "userDefined": false
      }
    ],
    "isTemplate": false,
    "count": 0,
    "lang": "pt-br",
    "updated": 0
  },
  {
    "id": "bca0da83-3096-4b4c-80bb-93da74e928e9",
    "data": [
      {
        "text": "quanto está o ",
        "userDefined": false
      },
      {
        "text": "real",
        "userDefined": false
      },
      {
        "text": " nas principais moedas",
        "userDefined": false
      }
    ],
    "isTemplate": false,
    "count": 0,
    "lang": "pt-br",
    "updated": 0
  },
  {
    "id": "0c4bcf18-275a-4f5d-916c-ce9eaad00b61",
    "data": [
      {
        "text": "ver ",
        "userDefined": false
      },
      {
        "text": "as",
        "userDefined": false
      },
      {
        "text": " 4 principais moedas",
        "userDefined": false
      }
    ],
    "isTemplate": false,
    "count": 0,
    "lang": "pt-br",
    "updated": 0
  },
  {
    "id": "a5b24ce1-0d99-475e-a7ee-7ab361187fff",
    "data": [
      {
        "text": "gostaria de ver cotações principais",
        "userDefined": false
      }
    ],
    "isTemplate": false,
    "count": 0,
    "lang": "pt-br",
    "updated": 0
  },
  {
    "id": "c4aba0a5-bdd9-4e4e-8cfb-e70b36bbaa3a",
    "data": [
      {
        "text": "me mostra as moedas principais",
        "userDefined": false
      }
    ],
    "isTemplate": false,
    "count": 0,
    "lang": "pt-br",
    "updated": 0
  },
  {
    "id": "76b73f2d-7103-4a77-a4ec-bcec961cb47d",
    "data": [
      {
        "text": "quero ver ",
        "userDefined": false
      },
      {
        "text": "as",
        "userDefined": false
      },
      {
        "text": " principais moedas",
        "userDefined": false
      }
    ],
    "isTemplate": false,
    "count": 0,
    "lang": "pt-br",
    "updated": 0
  },
  {
    "id": "4efb2614-ee2d-4bc2-b18b-5462086b1ad2",
    "data": [
      {
        "text": "moedas principais",
        "userDefined": false
      }
    ],
    "isTemplate": false,
    "count": 0,
    "lang": "pt-br",
    "updated": 0
  },
  {
    "id": "af9d2ec3-efcb-4cc6-ac63-5396275a51f5",
    "data": [
      {
        "text": "ver as moedas principais",
        "userDefined": false
      }
    ],
    "isTemplate": false,
    "count": 0,
    "lang": "pt-br",
    "updated": 0
  },
  {
    "id": "3d4b619f-0499-4485-8196-3b9ac9a565a9",
    "data": [
      {
        "text": "principais cortações",
        "userDefined": false
      }
    ],
    "isTemplate": false,
    "count": 0,
    "lang": "pt-br",
    "updated": 0
  },
  {
    "id": "3eb65132-7722-4a86-b0d4-3f719eff98d0",
    "data": [
      {
        "text": "principais cotações de moedas",
        "userDefined": false
      }
    ],
    "isTemplate": false,
    "count": 0,
    "lang": "pt-br",
    "updated": 0
  },
  {
    "id": "33f528ae-f42c-48d1-9bc4-d56db27d06de",
    "data": [
      {
        "text": "principais moedas",
        "userDefined": false
      }
    ],
    "isTemplate": false,
    "count": 0,
    "lang": "pt-br",
    "updated": 0
  }
]