[
  {
    "value": "BRL",
    "synonyms": [
      "BRL",
      "real",
      "moeda brasileira",
      "reais"
    ]
  },
  {
    "value": "USD",
    "synonyms": [
      "USD",
      "dolar americano",
      "dolar",
      "dolars"
    ]
  },
  {
    "value": "EUR",
    "synonyms": [
      "EUR",
      "euros"
    ]
  },
  {
    "value": "BTC",
    "synonyms": [
      "BTC",
      "bitcoins"
    ]
  },
  {
    "value": "JPY",
    "synonyms": [
      "JPY",
      "yen",
      "iene",
      "iene japones",
      "JPYRTS"
    ]
  }
]