[
  {
    "id": "e4ffe75c-1081-44fe-9bde-9072ece5a911",
    "data": [
      {
        "text": "brasilia",
        "meta": "@cidade",
        "alias": "origem",
        "userDefined": false
      }
    ],
    "isTemplate": false,
    "count": 0,
    "lang": "pt-br",
    "updated": 0
  },
  {
    "id": "770e7dc1-a4a6-4fd4-a329-2f137768eb42",
    "data": [
      {
        "text": "porto alegre",
        "meta": "@cidade",
        "alias": "origem",
        "userDefined": true
      }
    ],
    "isTemplate": false,
    "count": 0,
    "lang": "pt-br",
    "updated": 0
  }
]