[
  {
    "id": "73d0e70a-e120-45a3-ada7-8d3b88df7b0d",
    "data": [
      {
        "text": "fortaleza",
        "meta": "@cidade",
        "alias": "destino",
        "userDefined": false
      }
    ],
    "isTemplate": false,
    "count": 0,
    "lang": "pt-br",
    "updated": 0
  },
  {
    "id": "9be31d06-495d-4281-974c-d430f0437623",
    "data": [
      {
        "text": "brasilia",
        "meta": "@cidade",
        "alias": "destino",
        "userDefined": false
      }
    ],
    "isTemplate": false,
    "count": 0,
    "lang": "pt-br",
    "updated": 0
  }
]