[
  {
    "id": "6893a3ec-ac1f-4cf1-a700-39a690106bfc",
    "data": [
      {
        "text": "2",
        "meta": "@sys.number-integer",
        "alias": "qtdPassagem",
        "userDefined": false
      }
    ],
    "isTemplate": false,
    "count": 0,
    "lang": "pt-br",
    "updated": 0
  },
  {
    "id": "934796df-fc95-4309-b252-b3d2b9225518",
    "data": [
      {
        "text": "1",
        "meta": "@sys.number-integer",
        "alias": "qtdPassagem",
        "userDefined": false
      }
    ],
    "isTemplate": false,
    "count": 0,
    "lang": "pt-br",
    "updated": 0
  },
  {
    "id": "dabe69d8-9635-4796-8968-6560ab6e06e1",
    "data": [
      {
        "text": "quatro",
        "meta": "@sys.number-integer",
        "alias": "qtdPassagem",
        "userDefined": false
      }
    ],
    "isTemplate": false,
    "count": 0,
    "lang": "pt-br",
    "updated": 0
  },
  {
    "id": "b2cec9eb-8669-4230-91cb-1f726c751a6d",
    "data": [
      {
        "text": "dois",
        "meta": "@sys.number-integer",
        "alias": "qtdPassagem",
        "userDefined": false
      }
    ],
    "isTemplate": false,
    "count": 0,
    "lang": "pt-br",
    "updated": 0
  },
  {
    "id": "cfef362b-b4e3-48b7-afca-d13b75fb18d1",
    "data": [
      {
        "text": "uma",
        "meta": "@sys.number-integer",
        "alias": "qtdPassagem",
        "userDefined": true
      }
    ],
    "isTemplate": false,
    "count": 0,
    "lang": "pt-br",
    "updated": 0
  },
  {
    "id": "49632a72-4ca0-4ff5-8d81-fb469ac959a6",
    "data": [
      {
        "text": "4",
        "meta": "@sys.number-integer",
        "alias": "qtdPassagem",
        "userDefined": false
      }
    ],
    "isTemplate": false,
    "count": 0,
    "lang": "pt-br",
    "updated": 0
  }
]