[
  {
    "id": "ca9fa810-8932-438f-9eb7-dfe07b04cf9c",
    "data": [
      {
        "text": "10/02/2022",
        "meta": "@sys.date-time",
        "alias": "dataIda",
        "userDefined": false
      }
    ],
    "isTemplate": false,
    "count": 0,
    "lang": "pt-br",
    "updated": 0
  },
  {
    "id": "c5212124-04d7-48c9-ae3a-f02478e28c1e",
    "data": [
      {
        "text": "14/08/2021",
        "meta": "@sys.date-time",
        "alias": "dataIda",
        "userDefined": false
      }
    ],
    "isTemplate": false,
    "count": 0,
    "lang": "pt-br",
    "updated": 0
  }
]