[
  {
    "id": "28ebd1d2-8f30-485d-bd25-87c45ee6f8a8",
    "data": [
      {
        "text": "17/06/2022",
        "meta": "@sys.date-time",
        "alias": "dataVolta",
        "userDefined": true
      }
    ],
    "isTemplate": false,
    "count": 0,
    "lang": "pt-br",
    "updated": 0
  },
  {
    "id": "7a13256c-dc66-4000-b6ec-15e1ee263fc4",
    "data": [
      {
        "text": "18/06/2021",
        "meta": "@sys.date-time",
        "alias": "dataVolta",
        "userDefined": false
      }
    ],
    "isTemplate": false,
    "count": 0,
    "lang": "pt-br",
    "updated": 0
  }
]