[
  {
    "id": "96f6ea9d-86f6-4ba5-814d-0c64947f52cf",
    "data": [
      {
        "text": "Bianca Cruz da Silva",
        "meta": "@sys.person",
        "alias": "nome",
        "userDefined": false
      }
    ],
    "isTemplate": false,
    "count": 0,
    "lang": "pt-br",
    "updated": 0
  },
  {
    "id": "6b05b0e4-f2f0-4e55-969d-e4b27bdb0270",
    "data": [
      {
        "text": "Juliana Marcondes dos Santos",
        "meta": "@sys.person",
        "alias": "nome",
        "userDefined": false
      }
    ],
    "isTemplate": false,
    "count": 0,
    "lang": "pt-br",
    "updated": 0
  },
  {
    "id": "b260f1f5-12c1-41f4-b9de-2b71217c08c7",
    "data": [
      {
        "text": "Carlos Eduardo Batista",
        "meta": "@sys.person",
        "alias": "nome",
        "userDefined": false
      }
    ],
    "isTemplate": false,
    "count": 0,
    "lang": "pt-br",
    "updated": 0
  },
  {
    "id": "2130c598-30e9-4186-8ee6-db4921d69b90",
    "data": [
      {
        "text": "Ryan Barroso Junior",
        "meta": "@sys.person",
        "alias": "nome",
        "userDefined": false
      }
    ],
    "isTemplate": false,
    "count": 0,
    "lang": "pt-br",
    "updated": 0
  },
  {
    "id": "2d346292-e1db-46f0-b0b0-65cbad21025d",
    "data": [
      {
        "text": "Maria Isabel Martins",
        "meta": "@sys.person",
        "alias": "nome",
        "userDefined": false
      }
    ],
    "isTemplate": false,
    "count": 0,
    "lang": "pt-br",
    "updated": 0
  },
  {
    "id": "30f24512-c347-4f6f-8d8b-e5c03a04a21f",
    "data": [
      {
        "text": "Rita Vendrusculo Silveira",
        "meta": "@sys.person",
        "alias": "nome",
        "userDefined": true
      }
    ],
    "isTemplate": false,
    "count": 0,
    "lang": "pt-br",
    "updated": 0
  },
  {
    "id": "31f0db55-dbe8-4e73-9e5a-be4b0a94c379",
    "data": [
      {
        "text": "Marcus Guilherme Pereira",
        "meta": "@sys.person",
        "alias": "nome",
        "userDefined": true
      }
    ],
    "isTemplate": false,
    "count": 0,
    "lang": "pt-br",
    "updated": 0
  },
  {
    "id": "41b1af1c-31dd-4be5-b3b0-e354dc856652",
    "data": [
      {
        "text": "Silvio Santos",
        "meta": "@sys.person",
        "alias": "nome",
        "userDefined": false
      }
    ],
    "isTemplate": false,
    "count": 0,
    "lang": "pt-br",
    "updated": 0
  },
  {
    "id": "e139d7c0-f7d5-4adb-8200-6d93b781b15d",
    "data": [
      {
        "text": "Mariana Moreira Souza",
        "meta": "@sys.person",
        "alias": "nome",
        "userDefined": true
      }
    ],
    "isTemplate": false,
    "count": 0,
    "lang": "pt-br",
    "updated": 0
  },
  {
    "id": "34fd5b07-4d4f-416e-adb2-d26ca4ed9872",
    "data": [
      {
        "text": "Janaina Bertolesco Santos",
        "meta": "@sys.person",
        "alias": "nome",
        "userDefined": false
      }
    ],
    "isTemplate": false,
    "count": 0,
    "lang": "pt-br",
    "updated": 0
  },
  {
    "id": "214e32c1-3ee3-48d5-a386-f22a10eadb3f",
    "data": [
      {
        "text": "Manuel Barroso Silva",
        "meta": "@sys.person",
        "alias": "nome",
        "userDefined": true
      }
    ],
    "isTemplate": false,
    "count": 0,
    "lang": "pt-br",
    "updated": 0
  },
  {
    "id": "1c71eb72-0ce3-40f3-ab9d-2301f070e437",
    "data": [
      {
        "text": "João Pereira da Silva",
        "meta": "@sys.person",
        "alias": "nome",
        "userDefined": false
      }
    ],
    "isTemplate": false,
    "count": 0,
    "lang": "pt-br",
    "updated": 0
  },
  {
    "id": "0ae4979f-ffa5-45e1-95e6-517129f06526",
    "data": [
      {
        "text": "Jose luiz datena",
        "meta": "@sys.person",
        "alias": "nome",
        "userDefined": false
      }
    ],
    "isTemplate": false,
    "count": 0,
    "lang": "pt-br",
    "updated": 0
  }
]