[
  {
    "id": "cf2628ab-5710-4563-87ac-58ccfad9a538",
    "data": [
      {
        "text": "cartao de debito",
        "userDefined": false
      }
    ],
    "isTemplate": false,
    "count": 0,
    "lang": "pt-br",
    "updated": 0
  },
  {
    "id": "21df4301-a350-4b64-8a5b-2e390cc77bf0",
    "data": [
      {
        "text": "cartao de credito",
        "userDefined": false
      }
    ],
    "isTemplate": false,
    "count": 0,
    "lang": "pt-br",
    "updated": 0
  },
  {
    "id": "38e29be8-8375-4ebd-9652-7d15c8f7cd32",
    "data": [
      {
        "text": "cartao",
        "userDefined": false
      }
    ],
    "isTemplate": false,
    "count": 0,
    "lang": "pt-br",
    "updated": 0
  }
]