[
  {
    "id": "d76eb66e-f7ea-4280-90c9-7f8f7bac7b5b",
    "data": [
      {
        "text": "55649762074",
        "meta": "@sys.phone-number",
        "alias": "cpf",
        "userDefined": false
      }
    ],
    "isTemplate": false,
    "count": 1,
    "lang": "pt-br",
    "updated": 0
  },
  {
    "id": "5544d6cb-ddbc-453e-be69-3e58f51a2dcd",
    "data": [
      {
        "text": "43597444040",
        "meta": "@sys.phone-number",
        "alias": "cpf",
        "userDefined": false
      }
    ],
    "isTemplate": false,
    "count": 0,
    "lang": "pt-br",
    "updated": 0
  },
  {
    "id": "a72a6f46-f24c-44dd-8f60-bef629a3dfe7",
    "data": [
      {
        "text": "83587515085",
        "meta": "@sys.phone-number",
        "alias": "cpf",
        "userDefined": false
      }
    ],
    "isTemplate": false,
    "count": 0,
    "lang": "pt-br",
    "updated": 0
  },
  {
    "id": "3361db4f-db91-4dd9-a7db-f0bf2a558270",
    "data": [
      {
        "text": "15420479001",
        "meta": "@sys.phone-number",
        "alias": "cpf",
        "userDefined": false
      }
    ],
    "isTemplate": false,
    "count": 0,
    "lang": "pt-br",
    "updated": 0
  },
  {
    "id": "576f76dc-025a-445d-b3a3-40250f0417d4",
    "data": [
      {
        "text": "920.721.400-80",
        "meta": "@sys.phone-number",
        "alias": "cpf",
        "userDefined": false
      }
    ],
    "isTemplate": false,
    "count": 0,
    "lang": "pt-br",
    "updated": 0
  },
  {
    "data": [
      {
        "text": "857.354.000-10",
        "meta": "@sys.phone-number",
        "alias": "cpf",
        "userDefined": false
      }
    ],
    "isTemplate": false,
    "count": 4,
    "lang": "pt-br",
    "updated": 0
  },
  {
    "data": [
      {
        "text": "857.354.000-10",
        "userDefined": false
      }
    ],
    "isTemplate": false,
    "count": 1,
    "lang": "pt-br",
    "updated": 0
  }
]