[
  {
    "id": "079915e9-f3ef-4efa-86a8-2608ed56694c",
    "data": [
      {
        "text": "4569",
        "meta": "@sys.number",
        "alias": "codigoVoo",
        "userDefined": false
      }
    ],
    "isTemplate": false,
    "count": 0,
    "lang": "pt-br",
    "updated": 0
  },
  {
    "id": "b04fa3a3-d60b-4220-8f5e-f86f29d845bd",
    "data": [
      {
        "text": "1234",
        "meta": "@sys.number",
        "alias": "codigoVoo",
        "userDefined": false
      }
    ],
    "isTemplate": false,
    "count": 4,
    "lang": "pt-br",
    "updated": 0
  }
]