[
  {
    "id": "1bb7827a-f5d2-4301-988f-116a51f9bd5a",
    "data": [
      {
        "text": "789",
        "meta": "@sys.number",
        "alias": "cvv",
        "userDefined": false
      }
    ],
    "isTemplate": false,
    "count": 0,
    "lang": "pt-br",
    "updated": 0
  },
  {
    "id": "101380a4-1400-401a-b947-2fc34c003dcc",
    "data": [
      {
        "text": "456",
        "meta": "@sys.number",
        "alias": "cvv",
        "userDefined": false
      }
    ],
    "isTemplate": false,
    "count": 0,
    "lang": "pt-br",
    "updated": 0
  },
  {
    "id": "1ea1626f-184d-4204-a4e7-765e93493ae2",
    "data": [
      {
        "text": "123",
        "meta": "@sys.number",
        "alias": "cvv",
        "userDefined": false
      }
    ],
    "isTemplate": false,
    "count": 0,
    "lang": "pt-br",
    "updated": 0
  }
]