[
  {
    "id": "c68f393d-3a63-4b7f-8d14-7156f6e089f2",
    "data": [
      {
        "text": "Quero comprar passagens",
        "userDefined": false
      }
    ],
    "isTemplate": false,
    "count": 1,
    "lang": "pt-br",
    "updated": 0
  },
  {
    "id": "b4d41128-d00a-41b8-9f3f-66950b3488e6",
    "data": [
      {
        "text": "Comprar Passagens",
        "userDefined": false
      }
    ],
    "isTemplate": false,
    "count": 0,
    "lang": "pt-br",
    "updated": 0
  },
  {
    "id": "b7837d3b-cce3-44bd-bde5-af2e0dd77373",
    "data": [
      {
        "text": "Comprar",
        "userDefined": false
      }
    ],
    "isTemplate": false,
    "count": 0,
    "lang": "pt-br",
    "updated": 0
  }
]