[
  {
    "id": "cdeb5efb-f7cb-46e3-9973-d1128e50e434",
    "data": [
      {
        "text": "18/04/1994",
        "meta": "@sys.date-time",
        "alias": "dataNasc",
        "userDefined": false
      }
    ],
    "isTemplate": false,
    "count": 0,
    "lang": "pt-br",
    "updated": 0
  },
  {
    "id": "08f4ce9b-8077-48b2-9414-f2f41ae9da55",
    "data": [
      {
        "text": "17/05/2000",
        "meta": "@sys.date-time",
        "alias": "dataNasc",
        "userDefined": false
      }
    ],
    "isTemplate": false,
    "count": 0,
    "lang": "pt-br",
    "updated": 0
  },
  {
    "id": "e4b6b9be-caba-4e89-a4dc-e90dd391af57",
    "data": [
      {
        "text": "10/10/1950",
        "meta": "@sys.date-time",
        "alias": "dataNasc",
        "userDefined": false
      }
    ],
    "isTemplate": false,
    "count": 0,
    "lang": "pt-br",
    "updated": 0
  }
]