[
  {
    "id": "4a13f019-83dc-4a6b-a166-3a33c28b4e03",
    "data": [
      {
        "text": "2b",
        "meta": "@assento",
        "alias": "assentoIda",
        "userDefined": false
      }
    ],
    "isTemplate": false,
    "count": 0,
    "lang": "pt-br",
    "updated": 0
  },
  {
    "id": "84f8b475-2750-4f21-bb2a-f898d4d3889d",
    "data": [
      {
        "text": "5d",
        "meta": "@assento",
        "alias": "assentoIda",
        "userDefined": false
      }
    ],
    "isTemplate": false,
    "count": 0,
    "lang": "pt-br",
    "updated": 0
  },
  {
    "id": "b6d210a2-ad7e-4a0e-99bd-2b614acd4e48",
    "data": [
      {
        "text": "9j",
        "meta": "@assento",
        "alias": "assentoIda",
        "userDefined": false
      }
    ],
    "isTemplate": false,
    "count": 0,
    "lang": "pt-br",
    "updated": 0
  },
  {
    "id": "75ddee40-b189-4a9d-bdb0-68ba8f6e2ce0",
    "data": [
      {
        "text": "8h",
        "meta": "@assento",
        "alias": "assentoIda",
        "userDefined": false
      }
    ],
    "isTemplate": false,
    "count": 0,
    "lang": "pt-br",
    "updated": 0
  },
  {
    "id": "a55d3d49-ff08-4385-8c09-4406fbb7302b",
    "data": [
      {
        "text": "7g",
        "meta": "@assento",
        "alias": "assentoIda",
        "userDefined": false
      }
    ],
    "isTemplate": false,
    "count": 0,
    "lang": "pt-br",
    "updated": 0
  },
  {
    "id": "9e535857-9db5-42a7-bf76-37348d535ceb",
    "data": [
      {
        "text": "6f",
        "meta": "@assento",
        "alias": "assentoIda",
        "userDefined": false
      }
    ],
    "isTemplate": false,
    "count": 0,
    "lang": "pt-br",
    "updated": 0
  },
  {
    "id": "d2b53f71-9d9d-4863-8165-199df84021ab",
    "data": [
      {
        "text": "5e",
        "meta": "@assento",
        "alias": "assentoIda",
        "userDefined": true
      }
    ],
    "isTemplate": false,
    "count": 0,
    "lang": "pt-br",
    "updated": 0
  },
  {
    "id": "040f3f0e-ded7-42af-a6fb-c0f93c4c6188",
    "data": [
      {
        "text": "4d",
        "meta": "@assento",
        "alias": "assentoIda",
        "userDefined": false
      }
    ],
    "isTemplate": false,
    "count": 0,
    "lang": "pt-br",
    "updated": 0
  },
  {
    "id": "3883b3bd-f6bc-4c0d-8377-4512de878e52",
    "data": [
      {
        "text": "3c",
        "meta": "@assento",
        "alias": "assentoIda",
        "userDefined": false
      }
    ],
    "isTemplate": false,
    "count": 1,
    "lang": "pt-br",
    "updated": 0
  },
  {
    "id": "c8d407a7-f45c-40c7-8e75-394133a319d4",
    "data": [
      {
        "text": "1A",
        "meta": "@assento",
        "alias": "assentoIda",
        "userDefined": false
      }
    ],
    "isTemplate": false,
    "count": 0,
    "lang": "pt-br",
    "updated": 0
  }
]