[
  {
    "id": "d3a7b7c0-a2ae-4a91-9c9a-0ac41998c4f8",
    "data": [
      {
        "text": "932.052.710-50",
        "meta": "@sys.phone-number",
        "alias": "cpf",
        "userDefined": false
      }
    ],
    "isTemplate": false,
    "count": 0,
    "lang": "pt-br",
    "updated": 0
  },
  {
    "id": "0a6f9023-68d2-4955-b09b-2629f0ebacf9",
    "data": [
      {
        "text": "144.352.440-98",
        "meta": "@sys.phone-number",
        "alias": "cpf",
        "userDefined": false
      }
    ],
    "isTemplate": false,
    "count": 0,
    "lang": "pt-br",
    "updated": 0
  },
  {
    "id": "03a6b946-6f37-4a54-ac46-5b184aad9722",
    "data": [
      {
        "text": "26439920081",
        "meta": "@sys.phone-number",
        "alias": "cpf",
        "userDefined": false
      }
    ],
    "isTemplate": false,
    "count": 0,
    "lang": "pt-br",
    "updated": 0
  },
  {
    "id": "2d94a837-edaf-4bf6-ae8f-c91dec73a2ea",
    "data": [
      {
        "text": "53213273007",
        "meta": "@sys.phone-number",
        "alias": "cpf",
        "userDefined": false
      }
    ],
    "isTemplate": false,
    "count": 0,
    "lang": "pt-br",
    "updated": 0
  },
  {
    "id": "74d7a6c1-ae34-46e0-8898-4a56bafa70ca",
    "data": [
      {
        "text": "535.387.690-36",
        "meta": "@sys.phone-number",
        "alias": "cpf",
        "userDefined": false
      }
    ],
    "isTemplate": false,
    "count": 0,
    "lang": "pt-br",
    "updated": 0
  },
  {
    "id": "60db97cd-b43a-4c99-891a-ee9d1ec1357e",
    "data": [
      {
        "text": "15238867069",
        "meta": "@sys.phone-number",
        "alias": "cpf",
        "userDefined": false
      }
    ],
    "isTemplate": false,
    "count": 0,
    "lang": "pt-br",
    "updated": 0
  },
  {
    "id": "913896dc-5466-4ce1-abcb-c92034c91659",
    "data": [
      {
        "text": "013.572.650-69",
        "meta": "@sys.phone-number",
        "alias": "cpf",
        "userDefined": false
      }
    ],
    "isTemplate": false,
    "count": 0,
    "lang": "pt-br",
    "updated": 0
  },
  {
    "id": "c574b791-2acf-4bb2-9ffc-f060c10bb583",
    "data": [
      {
        "text": "335.891.550-60",
        "meta": "@sys.phone-number",
        "alias": "cpf",
        "userDefined": false
      }
    ],
    "isTemplate": false,
    "count": 0,
    "lang": "pt-br",
    "updated": 0
  },
  {
    "id": "443a23c3-c638-4e55-8786-8a9b4e9343ff",
    "data": [
      {
        "text": "12345678914",
        "meta": "@sys.phone-number",
        "alias": "cpf",
        "userDefined": false
      }
    ],
    "isTemplate": false,
    "count": 0,
    "lang": "pt-br",
    "updated": 0
  },
  {
    "id": "a7239ae6-6252-4933-95ce-c6f5991493c7",
    "data": [
      {
        "text": "85762107035",
        "meta": "@sys.phone-number",
        "alias": "cpf",
        "userDefined": false
      }
    ],
    "isTemplate": false,
    "count": 0,
    "lang": "pt-br",
    "updated": 0
  }
]