[
  {
    "id": "2b1547eb-2b76-42ab-a4cc-0773fa3318d9",
    "data": [
      {
        "text": "9b",
        "meta": "@assento",
        "alias": "assentoVolta",
        "userDefined": false
      }
    ],
    "isTemplate": false,
    "count": 1,
    "lang": "pt-br",
    "updated": 0
  },
  {
    "id": "6171d308-16cd-48ba-ac64-2e1f0e3afa30",
    "data": [
      {
        "text": "6f",
        "meta": "@assento",
        "alias": "assentoVolta",
        "userDefined": false
      }
    ],
    "isTemplate": false,
    "count": 0,
    "lang": "pt-br",
    "updated": 0
  },
  {
    "id": "ef0d59b1-6b39-4cd5-af6a-4f7fce19456d",
    "data": [
      {
        "text": "6d",
        "meta": "@assento",
        "alias": "assentoVolta",
        "userDefined": false
      }
    ],
    "isTemplate": false,
    "count": 0,
    "lang": "pt-br",
    "updated": 0
  },
  {
    "id": "f3270700-41ac-45f1-9cab-cd52f70b4758",
    "data": [
      {
        "text": "4a",
        "meta": "@assento",
        "alias": "assentoVolta",
        "userDefined": false
      }
    ],
    "isTemplate": false,
    "count": 0,
    "lang": "pt-br",
    "updated": 0
  },
  {
    "id": "f8ad7451-64e5-46cd-93b8-76532601bb3c",
    "data": [
      {
        "text": "8d",
        "meta": "@assento",
        "alias": "assentoVolta",
        "userDefined": false
      }
    ],
    "isTemplate": false,
    "count": 0,
    "lang": "pt-br",
    "updated": 0
  },
  {
    "id": "df36ceb5-a952-4387-83e0-a719a49810eb",
    "data": [
      {
        "text": "6a",
        "meta": "@assento",
        "alias": "assentoVolta",
        "userDefined": false
      }
    ],
    "isTemplate": false,
    "count": 0,
    "lang": "pt-br",
    "updated": 0
  },
  {
    "id": "7e6cb7ec-209c-4d94-9e86-2ebd7a2c99fe",
    "data": [
      {
        "text": "4c",
        "meta": "@assento",
        "alias": "assentoVolta",
        "userDefined": false
      }
    ],
    "isTemplate": false,
    "count": 0,
    "lang": "pt-br",
    "updated": 0
  },
  {
    "id": "ac418d6a-165f-45ea-8810-608dcbfefbf8",
    "data": [
      {
        "text": "3g",
        "meta": "@assento",
        "alias": "assentoVolta",
        "userDefined": false
      }
    ],
    "isTemplate": false,
    "count": 0,
    "lang": "pt-br",
    "updated": 0
  },
  {
    "id": "124995f0-16b6-4380-a21f-ab5385662acd",
    "data": [
      {
        "text": "2A",
        "meta": "@assento",
        "alias": "assentoVolta",
        "userDefined": false
      }
    ],
    "isTemplate": false,
    "count": 0,
    "lang": "pt-br",
    "updated": 0
  },
  {
    "id": "c90f7c06-02c0-4a30-9035-6d1b580bdec3",
    "data": [
      {
        "text": "1B",
        "meta": "@assento",
        "alias": "assentoVolta",
        "userDefined": false
      }
    ],
    "isTemplate": false,
    "count": 0,
    "lang": "pt-br",
    "updated": 0
  }
]