[
  {
    "id": "7929947b-1273-403c-947f-b86d6805d856",
    "data": [
      {
        "text": "63 934809327",
        "meta": "@sys.phone-number",
        "alias": "telefone",
        "userDefined": false
      }
    ],
    "isTemplate": false,
    "count": 0,
    "lang": "pt-br",
    "updated": 0
  },
  {
    "id": "8bcac502-dce3-4fa6-8052-e9665efd477b",
    "data": [
      {
        "text": "69928156635",
        "meta": "@sys.phone-number",
        "alias": "telefone",
        "userDefined": false
      }
    ],
    "isTemplate": false,
    "count": 0,
    "lang": "pt-br",
    "updated": 0
  },
  {
    "id": "bb3b92ec-6f37-4faf-a413-4ef0a6fe7671",
    "data": [
      {
        "text": "(27) 2524-1894",
        "meta": "@sys.phone-number",
        "alias": "telefone",
        "userDefined": false
      }
    ],
    "isTemplate": false,
    "count": 0,
    "lang": "pt-br",
    "updated": 0
  },
  {
    "data": [
      {
        "text": "(84) 3111-1928",
        "meta": "@sys.phone-number",
        "alias": "telefone",
        "userDefined": false
      }
    ],
    "isTemplate": false,
    "count": 0,
    "lang": "pt-br",
    "updated": 0
  }
]