[
  {
    "id": "310e38f7-b311-4b94-9d02-d0039e3d8748",
    "data": [
      {
        "text": "Desisto",
        "userDefined": false
      }
    ],
    "isTemplate": false,
    "count": 0,
    "lang": "pt-br",
    "updated": 0
  },
  {
    "id": "c9a8fe12-7d8f-48df-8c03-51a1e006d67f",
    "data": [
      {
        "text": "Valeu",
        "userDefined": false
      },
      {
        "text": " Aviabot",
        "userDefined": false
      }
    ],
    "isTemplate": false,
    "count": 0,
    "lang": "pt-br",
    "updated": 0
  },
  {
    "id": "4aa1e7b6-ac48-42f2-acf3-7cb42af7dfe3",
    "data": [
      {
        "text": "To indo nessa",
        "userDefined": false
      }
    ],
    "isTemplate": false,
    "count": 0,
    "lang": "pt-br",
    "updated": 0
  },
  {
    "id": "6bee58e4-ffa2-4b3b-9e3a-eb34b1f8f823",
    "data": [
      {
        "text": "Flw",
        "userDefined": false
      }
    ],
    "isTemplate": false,
    "count": 0,
    "lang": "pt-br",
    "updated": 0
  },
  {
    "id": "083d0e24-22df-41ae-8f66-e1dd50b4620e",
    "data": [
      {
        "text": "Obrigada",
        "userDefined": false
      }
    ],
    "isTemplate": false,
    "count": 0,
    "lang": "pt-br",
    "updated": 0
  },
  {
    "id": "eeff98a4-0efa-4324-bc5a-8c82ed2466ba",
    "data": [
      {
        "text": "Obrigado",
        "userDefined": false
      }
    ],
    "isTemplate": false,
    "count": 0,
    "lang": "pt-br",
    "updated": 0
  },
  {
    "id": "1a0ef785-b837-4c2c-bdaa-f922411d7cf5",
    "data": [
      {
        "text": "cancelar",
        "userDefined": false
      }
    ],
    "isTemplate": false,
    "count": 0,
    "lang": "pt-br",
    "updated": 0
  },
  {
    "id": "dc87227a-0d8b-447a-9ab5-be6cdc80bcd2",
    "data": [
      {
        "text": "Ate mais",
        "userDefined": false
      }
    ],
    "isTemplate": false,
    "count": 0,
    "lang": "pt-br",
    "updated": 0
  },
  {
    "id": "3e6a7c08-67fe-47f5-9ecd-384e358b57cf",
    "data": [
      {
        "text": "Adeus",
        "userDefined": false
      }
    ],
    "isTemplate": false,
    "count": 0,
    "lang": "pt-br",
    "updated": 0
  },
  {
    "id": "80a1af71-1128-4afd-81f1-db91bdd4848c",
    "data": [
      {
        "text": "Tchau",
        "userDefined": false
      }
    ],
    "isTemplate": false,
    "count": 0,
    "lang": "pt-br",
    "updated": 0
  }
]