[
  {
    "id": "df1b40a5-e012-49db-8c27-e5bb82350397",
    "data": [
      {
        "text": "debito",
        "meta": "@sys.last-name",
        "alias": "modo",
        "userDefined": true
      }
    ],
    "isTemplate": false,
    "count": 0,
    "lang": "pt-br",
    "updated": 0
  },
  {
    "id": "10cb85d3-1b5a-49e4-bd1d-5bbc19c2df9c",
    "data": [
      {
        "text": "credito",
        "meta": "@sys.last-name",
        "alias": "modo",
        "userDefined": true
      }
    ],
    "isTemplate": false,
    "count": 0,
    "lang": "pt-br",
    "updated": 0
  }
]