[
  {
    "id": "6dc43e7a-0c7c-470c-833e-62d99427c415",
    "data": [
      {
        "text": "Você mora aonde ?",
        "userDefined": false
      }
    ],
    "isTemplate": false,
    "count": 0,
    "lang": "pt-br",
    "updated": 0
  },
  {
    "id": "8c2e49cf-c7e5-430c-af4c-679a85429cd4",
    "data": [
      {
        "text": "Qual o seu nome ?",
        "userDefined": false
      }
    ],
    "isTemplate": false,
    "count": 0,
    "lang": "pt-br",
    "updated": 0
  },
  {
    "id": "156b3c6f-218b-4ee1-8868-0c169c2fc313",
    "data": [
      {
        "text": "do que você é feito ?",
        "userDefined": false
      }
    ],
    "isTemplate": false,
    "count": 0,
    "lang": "pt-br",
    "updated": 0
  },
  {
    "id": "3a41b81e-1356-4883-8070-e83470f682e3",
    "data": [
      {
        "text": "Como você é feito ?",
        "userDefined": false
      }
    ],
    "isTemplate": false,
    "count": 0,
    "lang": "pt-br",
    "updated": 0
  },
  {
    "id": "e60fb249-1274-4954-984a-7279a96624ce",
    "data": [
      {
        "text": "Quem é seu dono ?",
        "userDefined": false
      }
    ],
    "isTemplate": false,
    "count": 0,
    "lang": "pt-br",
    "updated": 0
  },
  {
    "id": "a8940135-2ec6-40d9-a808-d7ce75cd7ec2",
    "data": [
      {
        "text": "Quem te criou ?",
        "userDefined": false
      }
    ],
    "isTemplate": false,
    "count": 0,
    "lang": "pt-br",
    "updated": 0
  },
  {
    "id": "8b1b65c7-8a9d-478c-9d00-a89d597b5322",
    "data": [
      {
        "text": "O que você faz ?",
        "userDefined": false
      }
    ],
    "isTemplate": false,
    "count": 0,
    "lang": "pt-br",
    "updated": 0
  },
  {
    "id": "231b28fe-c997-40b6-94bb-572db26b7ae1",
    "data": [
      {
        "text": "que coisa tu é ?",
        "userDefined": false
      }
    ],
    "isTemplate": false,
    "count": 0,
    "lang": "pt-br",
    "updated": 0
  },
  {
    "id": "4983c3c5-1fc0-4a11-84b0-62d7e4851383",
    "data": [
      {
        "text": "quem é você ?",
        "userDefined": false
      }
    ],
    "isTemplate": false,
    "count": 0,
    "lang": "pt-br",
    "updated": 0
  },
  {
    "id": "79e45fbd-fc34-433b-9b42-a37365c01ae8",
    "data": [
      {
        "text": "sobre mim",
        "userDefined": false
      }
    ],
    "isTemplate": false,
    "count": 0,
    "lang": "pt-br",
    "updated": 0
  }
]