[
  {
    "id": "71090ea9-944d-40ea-becc-7fbd18be879a",
    "data": [
      {
        "text": "codigo do voo é ",
        "userDefined": false
      },
      {
        "text": "123456",
        "meta": "@sys.number",
        "alias": "codVoo",
        "userDefined": false
      }
    ],
    "isTemplate": false,
    "count": 0,
    "lang": "pt-br",
    "updated": 0
  },
  {
    "id": "580934d7-4f97-4a44-9c51-4aed75d06b0b",
    "data": [
      {
        "text": "142563",
        "meta": "@sys.number",
        "alias": "codVoo",
        "userDefined": false
      }
    ],
    "isTemplate": false,
    "count": 0,
    "lang": "pt-br",
    "updated": 0
  }
]