[
  {
    "id": "c6a3ad48-d54a-4812-943f-d41006b4b93e",
    "data": [
      {
        "text": "situação do voo",
        "userDefined": false
      }
    ],
    "isTemplate": false,
    "count": 0,
    "lang": "pt-br",
    "updated": 0
  },
  {
    "id": "ad280469-e70b-41b9-9781-ed5bb47034de",
    "data": [
      {
        "text": "condicao do voo",
        "userDefined": false
      }
    ],
    "isTemplate": false,
    "count": 0,
    "lang": "pt-br",
    "updated": 0
  },
  {
    "id": "61876843-dfc9-4680-b17b-f6acff5497f9",
    "data": [
      {
        "text": "status do voo",
        "userDefined": false
      }
    ],
    "isTemplate": false,
    "count": 0,
    "lang": "pt-br",
    "updated": 0
  }
]