[
  {
    "id": "f66cb0e9-7f83-4cb6-a57f-17cf202b1c7f",
    "data": [
      {
        "text": "289.020.570-38",
        "meta": "@sys.number",
        "alias": "cpf",
        "userDefined": false
      }
    ],
    "isTemplate": false,
    "count": 0,
    "lang": "pt-br",
    "updated": 0
  },
  {
    "id": "16b2ae14-0820-4d3b-94da-99b64156d787",
    "data": [
      {
        "text": "636.640.630-82",
        "meta": "@sys.number",
        "alias": "cpf",
        "userDefined": false
      }
    ],
    "isTemplate": false,
    "count": 0,
    "lang": "pt-br",
    "updated": 0
  },
  {
    "id": "596322e0-5c6f-4ac5-af22-32fce1d0e27d",
    "data": [
      {
        "text": "meu cpf é ",
        "userDefined": false
      },
      {
        "text": "39765510071",
        "meta": "@sys.number",
        "alias": "cpf",
        "userDefined": false
      }
    ],
    "isTemplate": false,
    "count": 0,
    "lang": "pt-br",
    "updated": 0
  },
  {
    "id": "37433465-ff59-4d37-8bbd-be2277569020",
    "data": [
      {
        "text": "53974059067",
        "meta": "@sys.number",
        "alias": "cpf",
        "userDefined": false
      }
    ],
    "isTemplate": false,
    "count": 0,
    "lang": "pt-br",
    "updated": 0
  },
  {
    "id": "4c7d355a-a867-4835-90b2-ecdceeedfdb7",
    "data": [
      {
        "text": "319.430.400-36",
        "meta": "@sys.number",
        "alias": "cpf",
        "userDefined": false
      }
    ],
    "isTemplate": false,
    "count": 0,
    "lang": "pt-br",
    "updated": 0
  }
]