[
  {
    "id": "3e2a370b-e15b-445d-b469-fa20625a1cf1",
    "data": [
      {
        "text": "como funciona",
        "userDefined": false
      }
    ],
    "isTemplate": false,
    "count": 0,
    "lang": "pt-br",
    "updated": 0
  },
  {
    "id": "9f7bebca-1f25-43c0-8858-319a72c0c95e",
    "data": [
      {
        "text": "como ",
        "userDefined": false
      },
      {
        "text": "usa",
        "meta": "@sys.location",
        "alias": "location",
        "userDefined": false
      }
    ],
    "isTemplate": false,
    "count": 0,
    "lang": "pt-br",
    "updated": 0
  },
  {
    "id": "39ece320-0a8b-47c3-89ca-d92a39abde0b",
    "data": [
      {
        "text": "não sei o que fazer",
        "userDefined": false
      }
    ],
    "isTemplate": false,
    "count": 0,
    "lang": "pt-br",
    "updated": 0
  },
  {
    "id": "93c596e8-d366-4f5b-81e4-57cce3507e6b",
    "data": [
      {
        "text": "estou perdido",
        "userDefined": false
      }
    ],
    "isTemplate": false,
    "count": 0,
    "lang": "pt-br",
    "updated": 0
  },
  {
    "id": "263656e0-859d-4e22-bb3c-8c6f14d3300a",
    "data": [
      {
        "text": "ajuda",
        "meta": "@sys.location",
        "alias": "location",
        "userDefined": false
      }
    ],
    "isTemplate": false,
    "count": 0,
    "lang": "pt-br",
    "updated": 0
  },
  {
    "id": "c143377a-7e1f-4235-9e08-be36fa9cbb19",
    "data": [
      {
        "text": "ajudinha",
        "userDefined": false
      }
    ],
    "isTemplate": false,
    "count": 0,
    "lang": "pt-br",
    "updated": 0
  },
  {
    "id": "40792ac4-8da5-4a24-bfbd-4ecc4739f537",
    "data": [
      {
        "text": "gostaria de ",
        "userDefined": false
      },
      {
        "text": "uma",
        "meta": "@sys.number",
        "alias": "number",
        "userDefined": false
      },
      {
        "text": " ajuda",
        "userDefined": false
      }
    ],
    "isTemplate": false,
    "count": 0,
    "lang": "pt-br",
    "updated": 0
  }
]