[
  {
    "id": "9b38fdc7-95f6-4cd4-8f1c-c6109a8f66f5",
    "data": [
      {
        "text": "iene",
        "meta": "@sys.currency-name",
        "alias": "currency-name",
        "userDefined": false
      },
      {
        "text": " ",
        "userDefined": false
      },
      {
        "text": "agora",
        "meta": "@sys.date-time",
        "alias": "date-time",
        "userDefined": false
      }
    ],
    "isTemplate": false,
    "count": 0,
    "lang": "pt-br",
    "updated": 0
  },
  {
    "id": "894c50fb-4085-4409-9f6c-dc80e159d3e3",
    "data": [
      {
        "text": "yen",
        "userDefined": false
      }
    ],
    "isTemplate": false,
    "count": 0,
    "lang": "pt-br",
    "updated": 0
  },
  {
    "id": "7671d08b-1ce9-4f6b-8760-aa842f2e43b9",
    "data": [
      {
        "text": "cotação ",
        "userDefined": false
      },
      {
        "text": "iene",
        "userDefined": false
      }
    ],
    "isTemplate": false,
    "count": 0,
    "lang": "pt-br",
    "updated": 0
  }
]