[
  {
    "id": "0a5aef87-e650-440f-93f2-95a719700f16",
    "data": [
      {
        "text": "dólar",
        "meta": "@sys.currency-name",
        "alias": "currency-name",
        "userDefined": false
      },
      {
        "text": " ",
        "userDefined": false
      },
      {
        "text": "hoje",
        "meta": "@sys.date-time",
        "alias": "date-time",
        "userDefined": false
      }
    ],
    "isTemplate": false,
    "count": 0,
    "lang": "pt-br",
    "updated": 0
  },
  {
    "id": "a7803d0f-84e8-48b8-a8fd-0a6252353ac8",
    "data": [
      {
        "text": "cotação ",
        "userDefined": false
      },
      {
        "text": "dolar",
        "userDefined": false
      }
    ],
    "isTemplate": false,
    "count": 0,
    "lang": "pt-br",
    "updated": 0
  },
  {
    "id": "e786a641-6438-4579-8274-b72160b456c5",
    "data": [
      {
        "text": "dolar",
        "userDefined": false
      }
    ],
    "isTemplate": false,
    "count": 0,
    "lang": "pt-br",
    "updated": 0
  }
]