[
  {
    "id": "6e489acc-efa4-4e12-8515-dc1dbb6c7ecd",
    "data": [
      {
        "text": "cotação ",
        "userDefined": false
      },
      {
        "text": "euro",
        "meta": "@sys.currency-name",
        "alias": "currency-name",
        "userDefined": false
      }
    ],
    "isTemplate": false,
    "count": 0,
    "lang": "pt-br",
    "updated": 0
  },
  {
    "id": "6d436b49-2cae-4dc2-92d2-c32337d1d982",
    "data": [
      {
        "text": "EUR",
        "userDefined": false
      }
    ],
    "isTemplate": false,
    "count": 0,
    "lang": "pt-br",
    "updated": 0
  },
  {
    "id": "27230e80-93bb-4465-9214-4dd767cfa856",
    "data": [
      {
        "text": "euro",
        "userDefined": false
      }
    ],
    "isTemplate": false,
    "count": 0,
    "lang": "pt-br",
    "updated": 0
  }
]