[
  {
    "id": "5b0dcbf9-ba93-4c13-82ba-409c96e9462c",
    "data": [
      {
        "text": "valor ",
        "userDefined": false
      },
      {
        "text": "do",
        "meta": "@sys.currency-name",
        "alias": "currency-name",
        "userDefined": false
      },
      {
        "text": " ",
        "userDefined": false
      },
      {
        "text": "bitcoin",
        "meta": "@sys.currency-name",
        "alias": "currency-name",
        "userDefined": false
      }
    ],
    "isTemplate": false,
    "count": 0,
    "lang": "pt-br",
    "updated": 0
  },
  {
    "id": "c043abc9-2973-44f8-99e8-ae389c13d2a3",
    "data": [
      {
        "text": "bitcoin",
        "userDefined": false
      }
    ],
    "isTemplate": false,
    "count": 0,
    "lang": "pt-br",
    "updated": 0
  },
  {
    "id": "8ed895b0-44a6-499e-9987-c227b780b34c",
    "data": [
      {
        "text": "btc",
        "userDefined": false
      },
      {
        "text": " ",
        "userDefined": false
      },
      {
        "text": "hoje",
        "meta": "@sys.date-time",
        "alias": "date-time",
        "userDefined": false
      }
    ],
    "isTemplate": false,
    "count": 0,
    "lang": "pt-br",
    "updated": 0
  },
  {
    "id": "f288d6f2-b5e4-4034-be4f-45d2f0355fd6",
    "data": [
      {
        "text": "qual a cotação ",
        "userDefined": false
      },
      {
        "text": "do",
        "meta": "@sys.currency-name",
        "alias": "currency-name",
        "userDefined": false
      },
      {
        "text": " ",
        "userDefined": false
      },
      {
        "text": "bitcoin",
        "userDefined": false
      }
    ],
    "isTemplate": false,
    "count": 0,
    "lang": "pt-br",
    "updated": 0
  },
  {
    "id": "2e111b7a-c28c-4233-b2cb-57542f2f02c2",
    "data": [
      {
        "text": "valor ",
        "userDefined": false
      },
      {
        "text": "bitcoin",
        "userDefined": false
      }
    ],
    "isTemplate": false,
    "count": 0,
    "lang": "pt-br",
    "updated": 0
  }
]