[
  {
    "id": "cb817d30-1efd-4c93-b453-56729fc697af",
    "data": [
      {
        "text": "BRL",
        "meta": "@sys.currency-name",
        "alias": "currency-name",
        "userDefined": false
      }
    ],
    "isTemplate": false,
    "count": 0,
    "lang": "pt-br",
    "updated": 0
  },
  {
    "id": "9193432e-6a19-4087-80f1-559b133827b8",
    "data": [
      {
        "text": "real",
        "meta": "@sys.location",
        "alias": "location",
        "userDefined": false
      }
    ],
    "isTemplate": false,
    "count": 0,
    "lang": "pt-br",
    "updated": 0
  },
  {
    "id": "cedf7d93-99c8-4265-9b9a-234daac63a85",
    "data": [
      {
        "text": "cotação ",
        "userDefined": false
      },
      {
        "text": "real",
        "meta": "@sys.currency-name",
        "alias": "currency-name",
        "userDefined": false
      }
    ],
    "isTemplate": false,
    "count": 0,
    "lang": "pt-br",
    "updated": 0
  }
]