[
  {
    "id": "5fb4862e-2be5-416d-a613-71f71053cbbf",
    "data": [
      {
        "text": "Patos de Minas - Minas Gerais",
        "meta": "@sys.location",
        "alias": "location",
        "userDefined": false
      }
    ],
    "isTemplate": false,
    "count": 0,
    "lang": "pt-br",
    "updated": 0
  },
  {
    "id": "aec4b72b-1adc-4dca-b3fc-be4c1ad1547f",
    "data": [
      {
        "text": "Cassilândia",
        "meta": "@sys.location",
        "alias": "location",
        "userDefined": false
      }
    ],
    "isTemplate": false,
    "count": 0,
    "lang": "pt-br",
    "updated": 0
  },
  {
    "id": "f5ac205c-ea43-4e4c-913c-50be22eabaea",
    "data": [
      {
        "text": "Lucas do Rio Verde",
        "meta": "@sys.location",
        "alias": "location",
        "userDefined": false
      }
    ],
    "isTemplate": false,
    "count": 0,
    "lang": "pt-br",
    "updated": 0
  },
  {
    "id": "ce2c04b9-c46a-44f7-bcde-981f186007a0",
    "data": [
      {
        "text": "Caxias do Sul - Rio Grande do Sul",
        "meta": "@sys.location",
        "alias": "location",
        "userDefined": false
      }
    ],
    "isTemplate": false,
    "count": 0,
    "lang": "pt-br",
    "updated": 0
  },
  {
    "id": "7c4eb686-4f6c-4d0d-8f0d-7dad7bce4e6d",
    "data": [
      {
        "text": "Pombal - Paraíba",
        "meta": "@sys.location",
        "alias": "location",
        "userDefined": false
      }
    ],
    "isTemplate": false,
    "count": 0,
    "lang": "pt-br",
    "updated": 0
  },
  {
    "id": "bb3ffd5a-a020-4861-a525-249a7ba935a4",
    "data": [
      {
        "text": "Manaus - Amazonas",
        "meta": "@sys.location",
        "alias": "location",
        "userDefined": false
      }
    ],
    "isTemplate": false,
    "count": 0,
    "lang": "pt-br",
    "updated": 0
  },
  {
    "id": "7b09477e-13a8-427d-b087-21201133a943",
    "data": [
      {
        "text": "Sâo Paulo - MS",
        "meta": "@sys.location",
        "alias": "location",
        "userDefined": false
      }
    ],
    "isTemplate": false,
    "count": 0,
    "lang": "pt-br",
    "updated": 0
  },
  {
    "id": "9f530132-d71e-4f9e-ac69-8faa2eb7b6d7",
    "data": [
      {
        "text": "Campo Grande - MS",
        "meta": "@sys.location",
        "alias": "location",
        "userDefined": false
      }
    ],
    "isTemplate": false,
    "count": 0,
    "lang": "pt-br",
    "updated": 0
  }
]