[
  {
    "id": "9143f832-425d-4500-9dac-d83d3cfe6ad9",
    "data": [
      {
        "text": "gostaria de comprar ",
        "userDefined": false
      },
      {
        "text": "uma",
        "userDefined": false
      },
      {
        "text": " passagem",
        "userDefined": false
      }
    ],
    "isTemplate": false,
    "count": 0,
    "lang": "pt-br",
    "updated": 0
  },
  {
    "id": "e305e790-c11d-4c52-9b8a-fe73ba4a0f79",
    "data": [
      {
        "text": "onde eu compro minha passagem aérea",
        "userDefined": false
      }
    ],
    "isTemplate": false,
    "count": 0,
    "lang": "pt-br",
    "updated": 0
  },
  {
    "id": "c54014b2-b850-4a93-8660-f59092ad98b3",
    "data": [
      {
        "text": "posso comprar ",
        "userDefined": false
      },
      {
        "text": "uma",
        "userDefined": false
      },
      {
        "text": " ",
        "userDefined": false
      },
      {
        "text": "passagem para",
        "userDefined": false
      },
      {
        "text": " ",
        "userDefined": false
      },
      {
        "text": "amanhã",
        "userDefined": false
      },
      {
        "text": "?",
        "userDefined": false
      }
    ],
    "isTemplate": false,
    "count": 0,
    "lang": "pt-br",
    "updated": 0
  },
  {
    "id": "d64e8950-7759-4ef8-b088-c1d2f19faa36",
    "data": [
      {
        "text": "você vende passagem aérea",
        "userDefined": false
      }
    ],
    "isTemplate": false,
    "count": 0,
    "lang": "pt-br",
    "updated": 0
  },
  {
    "id": "4febbcc9-0889-4e99-9086-c10dc7816a22",
    "data": [
      {
        "text": "quero comprar ",
        "userDefined": false
      },
      {
        "text": "uma",
        "userDefined": false
      },
      {
        "text": " passagem",
        "userDefined": false
      }
    ],
    "isTemplate": false,
    "count": 0,
    "lang": "pt-br",
    "updated": 0
  }
]