[
  {
    "id": "1f935562-ae0e-4e0b-aaa2-1e7a8ba0df2f",
    "data": [
      {
        "text": "não faço ideia",
        "userDefined": false
      }
    ],
    "isTemplate": false,
    "count": 0,
    "lang": "pt-br",
    "updated": 0
  },
  {
    "id": "a07b2757-a300-4731-b0b3-f7863a5848e3",
    "data": [
      {
        "text": "talvez",
        "userDefined": false
      }
    ],
    "isTemplate": false,
    "count": 0,
    "lang": "pt-br",
    "updated": 0
  },
  {
    "id": "45dbb0f2-c97b-447e-aa44-f7f332321c81",
    "data": [
      {
        "text": "não",
        "userDefined": false
      }
    ],
    "isTemplate": false,
    "count": 0,
    "lang": "pt-br",
    "updated": 0
  },
  {
    "id": "025f675b-46ce-4a87-be50-984abcacbae5",
    "data": [
      {
        "text": "sim",
        "userDefined": false
      }
    ],
    "isTemplate": false,
    "count": 0,
    "lang": "pt-br",
    "updated": 0
  },
  {
    "id": "803a937a-f539-485f-8305-0b1d254a8edd",
    "data": [
      {
        "text": "quero voltar",
        "userDefined": false
      }
    ],
    "isTemplate": false,
    "count": 0,
    "lang": "pt-br",
    "updated": 0
  },
  {
    "id": "461aaa76-2d18-4979-b143-e0f98267aede",
    "data": [
      {
        "text": "não sei",
        "userDefined": false
      }
    ],
    "isTemplate": false,
    "count": 0,
    "lang": "pt-br",
    "updated": 0
  }
]