[
  {
    "id": "dc9c19d6-d841-4426-8a70-d62a55e4a2c7",
    "data": [
      {
        "text": "21/03/2024",
        "meta": "@sys.date-time",
        "alias": "date-time",
        "userDefined": false
      }
    ],
    "isTemplate": false,
    "count": 0,
    "lang": "pt-br",
    "updated": 0
  },
  {
    "id": "c20d03da-ad27-4c21-9307-41bd8bfb3b42",
    "data": [
      {
        "text": "22/05/2022",
        "meta": "@sys.date-time",
        "alias": "date-time",
        "userDefined": false
      }
    ],
    "isTemplate": false,
    "count": 0,
    "lang": "pt-br",
    "updated": 0
  },
  {
    "id": "a9000d24-efce-49e3-b9cf-4743f9eca334",
    "data": [
      {
        "text": "23/02/2022",
        "meta": "@sys.date-time",
        "alias": "date-time",
        "userDefined": false
      }
    ],
    "isTemplate": false,
    "count": 0,
    "lang": "pt-br",
    "updated": 0
  }
]