[
  {
    "id": "72caff00-422a-4e9d-8ec4-abf3b762ac57",
    "data": [
      {
        "text": "Goiânia - Goiás",
        "meta": "@sys.location",
        "alias": "location",
        "userDefined": false
      }
    ],
    "isTemplate": false,
    "count": 0,
    "lang": "pt-br",
    "updated": 0
  },
  {
    "id": "813b708a-77b8-46fc-979d-c4dc6edc0572",
    "data": [
      {
        "text": "Porto Alegre - RS",
        "meta": "@sys.location",
        "alias": "location",
        "userDefined": false
      }
    ],
    "isTemplate": false,
    "count": 0,
    "lang": "pt-br",
    "updated": 0
  },
  {
    "id": "1ae52c6c-92a2-4889-966a-027870d2a54f",
    "data": [
      {
        "text": "Caarapó - MS",
        "meta": "@sys.location",
        "alias": "location",
        "userDefined": false
      }
    ],
    "isTemplate": false,
    "count": 0,
    "lang": "pt-br",
    "updated": 0
  },
  {
    "id": "2c26c07b-8417-4eed-a98e-b7abfae60bea",
    "data": [
      {
        "text": "Diamantina  - Minas Gerais",
        "meta": "@sys.location",
        "alias": "location",
        "userDefined": false
      }
    ],
    "isTemplate": false,
    "count": 0,
    "lang": "pt-br",
    "updated": 0
  }
]