[
  {
    "id": "9bb8970e-c381-4e43-9b3b-b17180123b7a",
    "data": [
      {
        "text": "onde é o banheiro",
        "userDefined": false
      }
    ],
    "isTemplate": false,
    "count": 0,
    "lang": "pt-br",
    "updated": 0
  },
  {
    "id": "509ea351-3b88-4b0d-89d0-5fef49d9cf97",
    "data": [
      {
        "text": "eu gostaria de comprar um pão",
        "userDefined": false
      }
    ],
    "isTemplate": false,
    "count": 0,
    "lang": "pt-br",
    "updated": 0
  },
  {
    "id": "88685c7e-ff28-4f7e-bed6-5c1e978dcfc4",
    "data": [
      {
        "text": "eu gostaria de comprar uma bicicleta",
        "userDefined": false
      }
    ],
    "isTemplate": false,
    "count": 0,
    "lang": "pt-br",
    "updated": 0
  }
]