[
  {
    "id": "8602ddd1-61a5-4ee0-ab38-f7c3f6637158",
    "data": [
      {
        "text": "não consigo prosseguir",
        "userDefined": false
      }
    ],
    "isTemplate": false,
    "count": 0,
    "lang": "pt-br",
    "updated": 0
  },
  {
    "id": "8969ec7d-136d-492f-93ab-78a0957d49e7",
    "data": [
      {
        "text": "não sei o que fazer",
        "userDefined": false
      }
    ],
    "isTemplate": false,
    "count": 0,
    "lang": "pt-br",
    "updated": 0
  },
  {
    "id": "9e6e3af7-aac9-4459-b668-de42e8f5737f",
    "data": [
      {
        "text": "como eu faço ",
        "userDefined": false
      },
      {
        "text": "para",
        "userDefined": false
      },
      {
        "text": " comprar ",
        "userDefined": false
      },
      {
        "text": "uma",
        "userDefined": false
      },
      {
        "text": " passagem",
        "userDefined": false
      }
    ],
    "isTemplate": false,
    "count": 0,
    "lang": "pt-br",
    "updated": 0
  },
  {
    "id": "73b0b79e-1724-4ec0-81c0-6f6bfb732406",
    "data": [
      {
        "text": "poderia me ajudar",
        "userDefined": false
      }
    ],
    "isTemplate": false,
    "count": 0,
    "lang": "pt-br",
    "updated": 0
  },
  {
    "id": "3d9a631c-d1a8-4b75-9c9a-de506be7ea0c",
    "data": [
      {
        "text": "tenho ",
        "userDefined": false
      },
      {
        "text": "uma",
        "userDefined": false
      },
      {
        "text": " dúvida",
        "userDefined": false
      }
    ],
    "isTemplate": false,
    "count": 0,
    "lang": "pt-br",
    "updated": 0
  },
  {
    "id": "5614d02f-6e29-40a5-ac61-cddfbe5a46ae",
    "data": [
      {
        "text": "o que eu ",
        "userDefined": false
      },
      {
        "text": "devo",
        "userDefined": false
      },
      {
        "text": " fazer?",
        "userDefined": false
      }
    ],
    "isTemplate": false,
    "count": 0,
    "lang": "pt-br",
    "updated": 0
  },
  {
    "id": "b6e1bcc2-140d-4a67-9ca6-6a128bfad45d",
    "data": [
      {
        "text": "como eu utilizo ",
        "userDefined": false
      },
      {
        "text": "a ferramenta",
        "userDefined": false
      },
      {
        "text": "?",
        "userDefined": false
      }
    ],
    "isTemplate": false,
    "count": 0,
    "lang": "pt-br",
    "updated": 0
  },
  {
    "id": "16fffdc8-1dca-433c-8a1a-e3d2be8a862e",
    "data": [
      {
        "text": "como proceder?",
        "userDefined": false
      }
    ],
    "isTemplate": false,
    "count": 1,
    "lang": "pt-br",
    "updated": 0
  },
  {
    "id": "5eaf5d74-069f-45c9-8ea6-3ae7f2bf4dc7",
    "data": [
      {
        "text": "não entendi o funcionamento",
        "userDefined": false
      }
    ],
    "isTemplate": false,
    "count": 0,
    "lang": "pt-br",
    "updated": 0
  },
  {
    "id": "b318852c-2465-46ad-947e-ac5df31552e9",
    "data": [
      {
        "text": "preciso de ajuda",
        "userDefined": false
      }
    ],
    "isTemplate": false,
    "count": 0,
    "lang": "pt-br",
    "updated": 0
  }
]