[
  {
    "id": "22aaf317-dcce-48af-8a78-ae745d255737",
    "data": [
      {
        "text": "12/12/2022",
        "meta": "@sys.date-time",
        "alias": "date-time",
        "userDefined": false
      }
    ],
    "isTemplate": false,
    "count": 1,
    "lang": "pt-br",
    "updated": 0
  },
  {
    "id": "7eae63c7-4b66-43a5-aefe-3e30c7bebf40",
    "data": [
      {
        "text": "01/02/2022",
        "meta": "@sys.date-time",
        "alias": "date-time",
        "userDefined": false
      }
    ],
    "isTemplate": false,
    "count": 0,
    "lang": "pt-br",
    "updated": 0
  },
  {
    "id": "41387f7d-8e9c-44e1-854a-984a7be5e5c2",
    "data": [
      {
        "text": "23/09/2022",
        "meta": "@sys.date-time",
        "alias": "date-time",
        "userDefined": false
      }
    ],
    "isTemplate": false,
    "count": 0,
    "lang": "pt-br",
    "updated": 0
  },
  {
    "id": "0a717421-068f-4e31-88bf-07c64f6de861",
    "data": [
      {
        "text": "24/07/2022",
        "meta": "@sys.date-time",
        "alias": "date-time",
        "userDefined": false
      }
    ],
    "isTemplate": false,
    "count": 0,
    "lang": "pt-br",
    "updated": 0
  }
]