[
  {
    "id": "2e2a2057-7dd1-4d29-9f47-b21e47b97b92",
    "data": [
      {
        "text": "Quem te criou?",
        "userDefined": false
      }
    ],
    "isTemplate": false,
    "count": 0,
    "lang": "pt-br",
    "updated": 0
  },
  {
    "id": "005bfada-adc6-4660-84ef-0bfce8da53ad",
    "data": [
      {
        "text": "Você é ",
        "userDefined": false
      },
      {
        "text": "uma",
        "userDefined": false
      },
      {
        "text": " pessoa?",
        "userDefined": false
      }
    ],
    "isTemplate": false,
    "count": 0,
    "lang": "pt-br",
    "updated": 0
  },
  {
    "id": "b6cf8534-aab6-45a3-9dba-3a65b7d7a83e",
    "data": [
      {
        "text": "qual a sua finalidade?",
        "userDefined": false
      }
    ],
    "isTemplate": false,
    "count": 0,
    "lang": "pt-br",
    "updated": 0
  },
  {
    "id": "5208397b-61e9-47af-ba65-af8e224ad0c0",
    "data": [
      {
        "text": "você existe de verdade?",
        "userDefined": false
      }
    ],
    "isTemplate": false,
    "count": 0,
    "lang": "pt-br",
    "updated": 0
  },
  {
    "id": "ff41ec92-ff2b-4bcc-bdc0-325bd0c98011",
    "data": [
      {
        "text": "quem está falando comigo?",
        "userDefined": false
      }
    ],
    "isTemplate": false,
    "count": 0,
    "lang": "pt-br",
    "updated": 0
  },
  {
    "id": "eb437281-3b1d-489c-9f80-e07f6489b387",
    "data": [
      {
        "text": "como que eu falo?",
        "userDefined": false
      }
    ],
    "isTemplate": false,
    "count": 0,
    "lang": "pt-br",
    "updated": 0
  },
  {
    "id": "d40b836d-1701-4132-9548-b391bd750448",
    "data": [
      {
        "text": "qual o seu objetivo?",
        "userDefined": false
      }
    ],
    "isTemplate": false,
    "count": 0,
    "lang": "pt-br",
    "updated": 0
  },
  {
    "id": "38037ca9-5f11-4f6f-8d49-af997211aebd",
    "data": [
      {
        "text": "você é ",
        "userDefined": false
      },
      {
        "text": "um",
        "userDefined": false
      },
      {
        "text": " robô?",
        "userDefined": false
      }
    ],
    "isTemplate": false,
    "count": 0,
    "lang": "pt-br",
    "updated": 0
  },
  {
    "id": "72828e39-625e-40a4-94aa-d92f14735af0",
    "data": [
      {
        "text": "qual o seu nome?",
        "userDefined": false
      }
    ],
    "isTemplate": false,
    "count": 0,
    "lang": "pt-br",
    "updated": 0
  },
  {
    "id": "48fc748a-a2f5-4345-b869-7e3348f808a1",
    "data": [
      {
        "text": "Quem é você?",
        "userDefined": false
      }
    ],
    "isTemplate": false,
    "count": 0,
    "lang": "pt-br",
    "updated": 0
  }
]