[
  {
    "id": "b4b9adf3-a8f4-44d6-b5dc-c6bccb18fb6b",
    "data": [
      {
        "text": "começar",
        "userDefined": false
      }
    ],
    "isTemplate": false,
    "count": 0,
    "lang": "pt-br",
    "updated": 0
  },
  {
    "id": "1b65e6b1-3552-4406-8b36-6d26782c74fb",
    "data": [
      {
        "text": "iniciar",
        "userDefined": false
      }
    ],
    "isTemplate": false,
    "count": 0,
    "lang": "pt-br",
    "updated": 0
  },
  {
    "id": "404dd370-795a-483f-962e-b75c7032669f",
    "data": [
      {
        "text": "ajuda",
        "userDefined": false
      }
    ],
    "isTemplate": false,
    "count": 0,
    "lang": "pt-br",
    "updated": 0
  },
  {
    "id": "bd105365-bceb-4a4e-a403-58079bcbbc56",
    "data": [
      {
        "text": "não sei usar",
        "userDefined": false
      }
    ],
    "isTemplate": false,
    "count": 1,
    "lang": "pt-br",
    "updated": 0
  },
  {
    "id": "6170776d-2a44-436e-bcc0-f4b28b9a57d0",
    "data": [
      {
        "text": "não sei ",
        "userDefined": false
      },
      {
        "text": "mexer",
        "userDefined": false
      }
    ],
    "isTemplate": false,
    "count": 0,
    "lang": "pt-br",
    "updated": 0
  },
  {
    "id": "58468838-250a-4486-ac95-f05197ecb20f",
    "data": [
      {
        "text": "como ",
        "userDefined": false
      },
      {
        "text": "usa",
        "userDefined": false
      },
      {
        "text": "?",
        "userDefined": false
      }
    ],
    "isTemplate": false,
    "count": 0,
    "lang": "pt-br",
    "updated": 0
  },
  {
    "id": "786eede6-d5b8-464d-9d26-8f29a2859c22",
    "data": [
      {
        "text": "o que eu faço?",
        "userDefined": false
      }
    ],
    "isTemplate": false,
    "count": 0,
    "lang": "pt-br",
    "updated": 0
  },
  {
    "id": "1936ce3a-2aa9-43d9-9a0a-56ba9a50ae37",
    "data": [
      {
        "text": "me explique",
        "userDefined": false
      }
    ],
    "isTemplate": false,
    "count": 0,
    "lang": "pt-br",
    "updated": 0
  },
  {
    "id": "45fe145b-c84d-4dd3-af0d-dd7949caaf46",
    "data": [
      {
        "text": "explique",
        "userDefined": false
      }
    ],
    "isTemplate": false,
    "count": 0,
    "lang": "pt-br",
    "updated": 0
  },
  {
    "id": "d3e99346-fc1b-483c-8145-3a30c20661e8",
    "data": [
      {
        "text": "me",
        "userDefined": false
      },
      {
        "text": " ajude",
        "userDefined": false
      }
    ],
    "isTemplate": false,
    "count": 0,
    "lang": "pt-br",
    "updated": 0
  },
  {
    "id": "4f12205a-2bdb-4ffd-b6bf-0f391ee3a64c",
    "data": [
      {
        "text": "utilizar",
        "userDefined": false
      }
    ],
    "isTemplate": false,
    "count": 0,
    "lang": "pt-br",
    "updated": 0
  },
  {
    "id": "2527e21c-e9a8-42d3-96cd-670829882371",
    "data": [
      {
        "text": "como utilizar",
        "userDefined": false
      }
    ],
    "isTemplate": false,
    "count": 0,
    "lang": "pt-br",
    "updated": 0
  },
  {
    "id": "c25aed99-9116-4b78-b1fb-480693963e72",
    "data": [
      {
        "text": "o que é isso?",
        "userDefined": false
      }
    ],
    "isTemplate": false,
    "count": 0,
    "lang": "pt-br",
    "updated": 0
  },
  {
    "id": "d6f5e411-00b5-4605-817b-b84299f3e73b",
    "data": [
      {
        "text": "como faz",
        "userDefined": false
      }
    ],
    "isTemplate": false,
    "count": 0,
    "lang": "pt-br",
    "updated": 0
  },
  {
    "id": "af5303b7-9212-47f9-9dd9-a226d10d8b9d",
    "data": [
      {
        "text": "o que você faz",
        "userDefined": false
      }
    ],
    "isTemplate": false,
    "count": 1,
    "lang": "pt-br",
    "updated": 0
  },
  {
    "id": "3cb3140c-9a8c-47c5-90c4-6228b66e7a8b",
    "data": [
      {
        "text": "help",
        "userDefined": false
      }
    ],
    "isTemplate": false,
    "count": 0,
    "lang": "pt-br",
    "updated": 0
  },
  {
    "id": "52500dcd-b96c-43ee-89a0-098618c23e7e",
    "data": [
      {
        "text": "como usar?",
        "userDefined": false
      }
    ],
    "isTemplate": false,
    "count": 2,
    "lang": "pt-br",
    "updated": 0
  },
  {
    "id": "5744d938-6505-405f-896a-5cfbfefe0847",
    "data": [
      {
        "text": "socorro",
        "userDefined": false
      }
    ],
    "isTemplate": false,
    "count": 0,
    "lang": "pt-br",
    "updated": 0
  }
]