[
  {
    "value": "Real",
    "synonyms": [
      "Real",
      "Reais"
    ]
  },
  {
    "value": "Dólar Americano",
    "synonyms": [
      "Dólar Americano",
      "Dólares",
      "Dolar",
      "dollar"
    ]
  },
  {
    "value": "Euro",
    "synonyms": [
      "Euro",
      "Euros"
    ]
  },
  {
    "value": "Yen",
    "synonyms": [
      "Yen",
      "Yens",
      "Iene",
      "Ienes"
    ]
  },
  {
    "value": "Bitcoin",
    "synonyms": [
      "Bitcoin",
      "Bitcoins"
    ]
  }
]