[
  {
    "value": "POA",
    "synonyms": [
      "POA",
      "Porto Alegre"
    ]
  },
  {
    "value": "BSB",
    "synonyms": [
      "BSB",
      "Brasilia"
    ]
  },
  {
    "value": "FOR",
    "synonyms": [
      "FOR",
      "Fortaleza"
    ]
  },
  {
    "value": "CGB",
    "synonyms": [
      "CGB",
      "Cuiaba"
    ]
  },
  {
    "value": "CGH",
    "synonyms": [
      "CGH",
      "Congonhas"
    ]
  },
  {
    "value": "GIG",
    "synonyms": [
      "GIG",
      "Galeão",
      "Internacional Rio de Janeiro"
    ]
  },
  {
    "value": "SSA",
    "synonyms": [
      "SSA",
      "Salvador"
    ]
  },
  {
    "value": "FLN",
    "synonyms": [
      "FLN",
      "Florianopolis"
    ]
  },
  {
    "value": "VCP",
    "synonyms": [
      "VCP",
      "Campinas"
    ]
  },
  {
    "value": "REC",
    "synonyms": [
      "REC",
      "Recife"
    ]
  },
  {
    "value": "CWB",
    "synonyms": [
      "CWB",
      "Curitiba"
    ]
  },
  {
    "value": "BEL",
    "synonyms": [
      "BEL",
      "Belem"
    ]
  },
  {
    "value": "VIX",
    "synonyms": [
      "VIX",
      "Vitoria"
    ]
  },
  {
    "value": "CGR",
    "synonyms": [
      "Campo Grande"
    ]
  },
  {
    "value": "MCP",
    "synonyms": [
      "MCP",
      "Macapa"
    ]
  },
  {
    "value": "GYN",
    "synonyms": [
      "GYN",
      "Goiania"
    ]
  },
  {
    "value": "MAO",
    "synonyms": [
      "MAO",
      "Manaus"
    ]
  },
  {
    "value": "NAT",
    "synonyms": [
      "NAT",
      "Natal"
    ]
  },
  {
    "value": "BPS",
    "synonyms": [
      "BPS",
      "Porto Seguro"
    ]
  },
  {
    "value": "MCZ\u0027",
    "synonyms": [
      "MCZ\u0027",
      "Maceio"
    ]
  },
  {
    "value": "PMW",
    "synonyms": [
      "PMW",
      "Palmas"
    ]
  },
  {
    "value": "SLZ",
    "synonyms": [
      "SLZ",
      "São Luis"
    ]
  },
  {
    "value": "PVH",
    "synonyms": [
      "PVH\u0027",
      "Porto Velho"
    ]
  },
  {
    "value": "RBR",
    "synonyms": [
      "RBR",
      "Rio Branco"
    ]
  },
  {
    "value": "JOI",
    "synonyms": [
      "JOI",
      "Joinville"
    ]
  },
  {
    "value": "CXJ",
    "synonyms": [
      "CXJ",
      "Caxias do Sul"
    ]
  },
  {
    "value": "IGU",
    "synonyms": [
      "IGU",
      "Foz do Iguaçu"
    ]
  },
  {
    "value": "THE",
    "synonyms": [
      "THE",
      "Teresina"
    ]
  },
  {
    "value": "AJU",
    "synonyms": [
      "AJU",
      "Aracaju"
    ]
  },
  {
    "value": "JPA",
    "synonyms": [
      "JPA",
      "João Pessoa"
    ]
  },
  {
    "value": "CPV",
    "synonyms": [
      "CPV",
      "Campina Grande"
    ]
  },
  {
    "value": "BVB",
    "synonyms": [
      "BVB",
      "Boa VIsta"
    ]
  },
  {
    "value": "FEN",
    "synonyms": [
      "FEN",
      "Fernando de Noronha"
    ]
  },
  {
    "value": "CNF",
    "synonyms": [
      "CNF",
      "Confins"
    ]
  }
]