[
  {
    "id": "bc72dc5a-60c4-4aee-838d-62cd1cb76189",
    "data": [
      {
        "text": "menu",
        "userDefined": false
      }
    ],
    "isTemplate": false,
    "count": 0,
    "lang": "pt-br",
    "updated": 0
  },
  {
    "id": "9a1da85f-d5bb-48a6-be82-025f2adbce41",
    "data": [
      {
        "text": "como posso utiliza-lo ?",
        "userDefined": false
      }
    ],
    "isTemplate": false,
    "count": 0,
    "lang": "pt-br",
    "updated": 0
  },
  {
    "id": "10bdadc7-9629-4aa9-a7fe-865494903907",
    "data": [
      {
        "text": "Preciso de ajuda",
        "userDefined": false
      }
    ],
    "isTemplate": false,
    "count": 0,
    "lang": "pt-br",
    "updated": 0
  }
]