[
  {
    "id": "18d7100a-1894-4b3b-b7eb-1c3195c90071",
    "data": [
      {
        "text": "bitcoin",
        "meta": "@Moeda",
        "alias": "moeda",
        "userDefined": false
      }
    ],
    "isTemplate": false,
    "count": 0,
    "lang": "pt-br",
    "updated": 0
  },
  {
    "id": "cac20f58-e425-4b05-ae77-18d52096a06f",
    "data": [
      {
        "text": "Real",
        "meta": "@Moeda",
        "alias": "moeda",
        "userDefined": false
      }
    ],
    "isTemplate": false,
    "count": 0,
    "lang": "pt-br",
    "updated": 0
  },
  {
    "id": "a43ff244-923b-4bdf-b625-1fe0d906e92a",
    "data": [
      {
        "text": "quanto ",
        "userDefined": false
      },
      {
        "text": "vale",
        "userDefined": false
      },
      {
        "text": " o ",
        "userDefined": false
      },
      {
        "text": "Iene",
        "meta": "@Moeda",
        "alias": "moeda",
        "userDefined": false
      }
    ],
    "isTemplate": false,
    "count": 0,
    "lang": "pt-br",
    "updated": 0
  },
  {
    "id": "d3feabdf-621c-4071-8305-b3cc399b5d4a",
    "data": [
      {
        "text": "Quanto está o ",
        "userDefined": false
      },
      {
        "text": "Euro",
        "meta": "@Moeda",
        "alias": "moeda",
        "userDefined": false
      },
      {
        "text": " ?",
        "userDefined": false
      }
    ],
    "isTemplate": false,
    "count": 0,
    "lang": "pt-br",
    "updated": 0
  },
  {
    "id": "aa897aa1-31d5-4d04-83af-54b8647c4308",
    "data": [
      {
        "text": "Qual a cotação ",
        "userDefined": false
      },
      {
        "text": "do",
        "userDefined": false
      },
      {
        "text": " ",
        "userDefined": false
      },
      {
        "text": "dolar",
        "meta": "@Moeda",
        "alias": "moeda",
        "userDefined": false
      },
      {
        "text": " ?",
        "userDefined": false
      }
    ],
    "isTemplate": false,
    "count": 0,
    "lang": "pt-br",
    "updated": 0
  }
]