[
  {
    "id": "8efaaee0-9842-4871-97dc-c13eb507aa01",
    "data": [
      {
        "text": "vamos jogar ?",
        "userDefined": false
      }
    ],
    "isTemplate": false,
    "count": 0,
    "lang": "pt-br",
    "updated": 0
  },
  {
    "id": "1e2e42c5-4d0b-45c4-b5f9-fa7206e0f4a2",
    "data": [
      {
        "text": "gostaria de empreender",
        "userDefined": false
      }
    ],
    "isTemplate": false,
    "count": 0,
    "lang": "pt-br",
    "updated": 0
  },
  {
    "id": "0177e943-9c9e-4532-b666-f9308164e8f0",
    "data": [
      {
        "text": "quero construir",
        "userDefined": false
      }
    ],
    "isTemplate": false,
    "count": 0,
    "lang": "pt-br",
    "updated": 0
  },
  {
    "id": "b2afbeb9-17b6-4d85-b921-6e66769340d9",
    "data": [
      {
        "text": "quero viajar",
        "userDefined": false
      }
    ],
    "isTemplate": false,
    "count": 1,
    "lang": "pt-br",
    "updated": 0
  },
  {
    "id": "2c0803a9-25f9-48e7-9a2e-8d8d30431919",
    "data": [
      {
        "text": "gostaria de comprar",
        "userDefined": false
      }
    ],
    "isTemplate": false,
    "count": 0,
    "lang": "pt-br",
    "updated": 0
  },
  {
    "id": "9b20eb63-7b38-41f8-b456-0e8a48928fcd",
    "data": [
      {
        "text": "quero vender",
        "userDefined": false
      }
    ],
    "isTemplate": false,
    "count": 0,
    "lang": "pt-br",
    "updated": 0
  },
  {
    "id": "537ff0f7-b9d5-467e-9191-0f8b2b547b77",
    "data": [
      {
        "text": "quero vender reais",
        "userDefined": false
      }
    ],
    "isTemplate": false,
    "count": 0,
    "lang": "pt-br",
    "updated": 0
  },
  {
    "id": "a4247216-e6c5-43b8-a2ae-4d4f91a99e02",
    "data": [
      {
        "text": "gostaria de vender euro",
        "userDefined": false
      }
    ],
    "isTemplate": false,
    "count": 0,
    "lang": "pt-br",
    "updated": 0
  },
  {
    "id": "d76adb61-bea3-462d-bb80-922d68ffb2c0",
    "data": [
      {
        "text": "quanto está o carro ?",
        "userDefined": false
      }
    ],
    "isTemplate": false,
    "count": 0,
    "lang": "pt-br",
    "updated": 0
  },
  {
    "id": "2bb86b02-ccb1-448c-983a-a062f20e8d32",
    "data": [
      {
        "text": "queria saber quanto vale um rojão",
        "userDefined": false
      }
    ],
    "isTemplate": false,
    "count": 0,
    "lang": "pt-br",
    "updated": 0
  },
  {
    "id": "b5839e39-d0e4-4537-bdab-66475d341f66",
    "data": [
      {
        "text": "vamos sair ?",
        "userDefined": false
      }
    ],
    "isTemplate": false,
    "count": 0,
    "lang": "pt-br",
    "updated": 0
  },
  {
    "id": "b225b9e2-c62c-4fe5-baf4-13f3ea478039",
    "data": [
      {
        "text": "quanto custa uma bicicleta ?",
        "userDefined": false
      }
    ],
    "isTemplate": false,
    "count": 0,
    "lang": "pt-br",
    "updated": 0
  },
  {
    "id": "4af9489b-286a-46e4-9cbb-fbc072cf0265",
    "data": [
      {
        "text": "quero comprar dollar",
        "userDefined": false
      }
    ],
    "isTemplate": false,
    "count": 0,
    "lang": "pt-br",
    "updated": 0
  }
]