[
  {
    "id": "d4c8c05b-e460-4c51-ae58-839e610b3518",
    "data": [
      {
        "text": "ola",
        "userDefined": false
      },
      {
        "text": ", tudo ",
        "userDefined": false
      },
      {
        "text": "bem",
        "userDefined": false
      }
    ],
    "isTemplate": false,
    "count": 0,
    "lang": "pt-br",
    "updated": 0
  },
  {
    "id": "834b2d76-356b-43bb-abea-4f0cffcd3fef",
    "data": [
      {
        "text": "olá",
        "userDefined": false
      },
      {
        "text": ", sou a ",
        "userDefined": false
      },
      {
        "text": "Ana",
        "meta": "@sys.person",
        "alias": "usuario",
        "userDefined": false
      }
    ],
    "isTemplate": false,
    "count": 0,
    "lang": "pt-br",
    "updated": 0
  },
  {
    "id": "a9da8f99-3209-4d87-9d1e-ae4e33bd33dc",
    "data": [
      {
        "text": "Pedro de Alcantara",
        "meta": "@sys.person",
        "alias": "usuario",
        "userDefined": false
      }
    ],
    "isTemplate": false,
    "count": 0,
    "lang": "pt-br",
    "updated": 0
  },
  {
    "id": "3bc6f6ad-50a1-4e57-a0c6-48d01048b662",
    "data": [
      {
        "text": "sou o ",
        "userDefined": false
      },
      {
        "text": "marcelo",
        "meta": "@sys.person",
        "alias": "usuario",
        "userDefined": false
      }
    ],
    "isTemplate": false,
    "count": 0,
    "lang": "pt-br",
    "updated": 0
  },
  {
    "id": "c28d4e92-114e-4c9f-af12-a4b9ac35886a",
    "data": [
      {
        "text": "juliana",
        "meta": "@sys.person",
        "alias": "usuario",
        "userDefined": false
      }
    ],
    "isTemplate": false,
    "count": 0,
    "lang": "pt-br",
    "updated": 0
  },
  {
    "id": "fb76b981-9412-4284-9908-7c239b4f4a28",
    "data": [
      {
        "text": "meu nome é ",
        "userDefined": false
      },
      {
        "text": "Tiago",
        "meta": "@sys.person",
        "alias": "usuario",
        "userDefined": false
      }
    ],
    "isTemplate": false,
    "count": 0,
    "lang": "pt-br",
    "updated": 0
  },
  {
    "id": "31f73bea-74fc-4c61-bbb7-51ebf88e41ac",
    "data": [
      {
        "text": "há quanto tempo",
        "userDefined": false
      }
    ],
    "isTemplate": false,
    "count": 0,
    "lang": "pt-br",
    "updated": 0
  },
  {
    "id": "dced43c4-f3ab-4b2f-9835-5e6b3e14ebee",
    "data": [
      {
        "text": "olá",
        "userDefined": false
      }
    ],
    "isTemplate": false,
    "count": 0,
    "lang": "pt-br",
    "updated": 0
  },
  {
    "id": "2e347469-785a-4050-9731-00d494426f74",
    "data": [
      {
        "text": "oi",
        "userDefined": false
      }
    ],
    "isTemplate": false,
    "count": 0,
    "lang": "pt-br",
    "updated": 0
  },
  {
    "id": "31348bf6-bbea-46df-8313-cdf9d280fd48",
    "data": [
      {
        "text": "opa",
        "userDefined": false
      }
    ],
    "isTemplate": false,
    "count": 0,
    "lang": "pt-br",
    "updated": 0
  },
  {
    "id": "c2a2e1e2-ca94-4e5f-acb8-12010454611e",
    "data": [
      {
        "text": "fala aí",
        "userDefined": false
      }
    ],
    "isTemplate": false,
    "count": 0,
    "lang": "pt-br",
    "updated": 0
  },
  {
    "id": "443d7e4d-e47c-4fc5-85e2-09530a08e9fa",
    "data": [
      {
        "text": "fala",
        "userDefined": false
      }
    ],
    "isTemplate": false,
    "count": 0,
    "lang": "pt-br",
    "updated": 0
  },
  {
    "id": "5acb758d-0495-441d-917a-01ce1ab92fd5",
    "data": [
      {
        "text": "saudações",
        "userDefined": false
      }
    ],
    "isTemplate": false,
    "count": 0,
    "lang": "pt-br",
    "updated": 0
  },
  {
    "id": "b1a521e1-5365-4119-880c-f87bd9d98d0a",
    "data": [
      {
        "text": "oi tudo bem",
        "userDefined": false
      }
    ],
    "isTemplate": false,
    "count": 0,
    "lang": "pt-br",
    "updated": 0
  },
  {
    "id": "4461ad62-9ecb-4e5c-8b6d-e3a0207fda23",
    "data": [
      {
        "text": "e aí",
        "userDefined": false
      }
    ],
    "isTemplate": false,
    "count": 0,
    "lang": "pt-br",
    "updated": 0
  },
  {
    "id": "2e67a06b-e6f8-4d08-87ab-44446c2f7e05",
    "data": [
      {
        "text": "eae",
        "userDefined": false
      }
    ],
    "isTemplate": false,
    "count": 0,
    "lang": "pt-br",
    "updated": 0
  }
]