[
  {
    "id": "d06f7661-2271-48a8-87f4-0cc2a706616a",
    "data": [
      {
        "text": "como uso vc?",
        "userDefined": false
      }
    ],
    "isTemplate": false,
    "count": 0,
    "lang": "pt-br",
    "updated": 0
  },
  {
    "id": "84d6658c-8d7a-4bbf-bd93-8d197dbaa2f4",
    "data": [
      {
        "text": "o que eu faço?",
        "userDefined": false
      }
    ],
    "isTemplate": false,
    "count": 0,
    "lang": "pt-br",
    "updated": 0
  },
  {
    "id": "6915684f-e4fd-4f9c-9fd1-e79af3bfe5d0",
    "data": [
      {
        "text": "como ",
        "userDefined": false
      },
      {
        "text": "usa",
        "userDefined": false
      }
    ],
    "isTemplate": false,
    "count": 0,
    "lang": "pt-br",
    "updated": 0
  },
  {
    "id": "e9606ed6-dc71-4972-9168-2d2df4750284",
    "data": [
      {
        "text": "como utilizar",
        "userDefined": false
      }
    ],
    "isTemplate": false,
    "count": 0,
    "lang": "pt-br",
    "updated": 0
  },
  {
    "id": "0e5c4b17-9d4b-4e85-b8e4-13af3d08ea13",
    "data": [
      {
        "text": "Como eu uso?",
        "userDefined": false
      }
    ],
    "isTemplate": false,
    "count": 0,
    "lang": "pt-br",
    "updated": 0
  },
  {
    "id": "cddddc78-306f-4499-8374-8dde1334e189",
    "data": [
      {
        "text": "me ajuda",
        "userDefined": false
      }
    ],
    "isTemplate": false,
    "count": 0,
    "lang": "pt-br",
    "updated": 0
  },
  {
    "id": "71d3030b-c8a7-4b68-8429-4a9a9c15ed69",
    "data": [
      {
        "text": "help",
        "userDefined": false
      }
    ],
    "isTemplate": false,
    "count": 0,
    "lang": "pt-br",
    "updated": 0
  },
  {
    "id": "340a4482-bbed-4c72-bea2-bae269d395a9",
    "data": [
      {
        "text": "Por",
        "userDefined": false
      },
      {
        "text": " favor, poderia me ajudar?",
        "userDefined": false
      }
    ],
    "isTemplate": false,
    "count": 0,
    "lang": "pt-br",
    "updated": 0
  },
  {
    "id": "68a07e35-8e43-4462-919b-874ad5fafc20",
    "data": [
      {
        "text": "Gostaria que me ajudasse",
        "userDefined": false
      }
    ],
    "isTemplate": false,
    "count": 0,
    "lang": "pt-br",
    "updated": 0
  },
  {
    "id": "f4cedb57-9e81-4cd6-8690-d3d3405231f7",
    "data": [
      {
        "text": "Poderia me ajudar?",
        "userDefined": false
      }
    ],
    "isTemplate": false,
    "count": 0,
    "lang": "pt-br",
    "updated": 0
  },
  {
    "id": "d9acc1b1-8f53-4bf2-9db2-7b5e3b20c0a3",
    "data": [
      {
        "text": "socorro",
        "userDefined": false
      }
    ],
    "isTemplate": false,
    "count": 0,
    "lang": "pt-br",
    "updated": 0
  },
  {
    "id": "b2d418c9-f235-40e6-a00f-89bfde7c68d8",
    "data": [
      {
        "text": "me",
        "userDefined": false
      },
      {
        "text": " ajude",
        "userDefined": false
      }
    ],
    "isTemplate": false,
    "count": 0,
    "lang": "pt-br",
    "updated": 0
  },
  {
    "id": "6dc7bfde-7e31-408e-beb7-58ba4e64bfac",
    "data": [
      {
        "text": "ajuda",
        "userDefined": false
      }
    ],
    "isTemplate": false,
    "count": 0,
    "lang": "pt-br",
    "updated": 0
  }
]