[
  {
    "id": "a203eccc-e237-4440-9688-6a2b8d90ff51",
    "data": [
      {
        "text": "dezesseis de julho de mil novecentos e noventa",
        "meta": "@sys.date",
        "alias": "nascimento",
        "userDefined": false
      }
    ],
    "isTemplate": false,
    "count": 0,
    "lang": "pt-br",
    "updated": 0
  },
  {
    "id": "89e94d67-d5b6-4065-aa70-e71af9ca8e9c",
    "data": [
      {
        "text": "16/07/1990",
        "meta": "@sys.date",
        "alias": "nascimento",
        "userDefined": false
      }
    ],
    "isTemplate": false,
    "count": 0,
    "lang": "pt-br",
    "updated": 0
  },
  {
    "id": "efba7063-f877-4c20-b427-0400da0dda13",
    "data": [
      {
        "text": "988887777",
        "meta": "@sys.phone-number",
        "alias": "telefone",
        "userDefined": false
      }
    ],
    "isTemplate": false,
    "count": 0,
    "lang": "pt-br",
    "updated": 0
  },
  {
    "id": "59c60d1d-3a66-4ddb-888f-3b561820c5ba",
    "data": [
      {
        "text": "5567999999999",
        "meta": "@sys.phone-number",
        "alias": "telefone",
        "userDefined": false
      }
    ],
    "isTemplate": false,
    "count": 0,
    "lang": "pt-br",
    "updated": 0
  },
  {
    "id": "4dcb096f-838c-435e-bf72-3a2010b84e17",
    "data": [
      {
        "text": "Cleosbaldo Juleriano dos Santos Amargo",
        "meta": "@sys.person",
        "alias": "nome",
        "userDefined": false
      }
    ],
    "isTemplate": false,
    "count": 0,
    "lang": "pt-br",
    "updated": 0
  },
  {
    "id": "9f0ff372-4199-4eee-9831-0a7174f5f2a9",
    "data": [
      {
        "text": "Zuleide",
        "meta": "@sys.person",
        "alias": "nome",
        "userDefined": false
      }
    ],
    "isTemplate": false,
    "count": 0,
    "lang": "pt-br",
    "updated": 0
  },
  {
    "id": "e2ca6283-b8f2-4f53-9fb7-6a204eaa7e98",
    "data": [
      {
        "text": "Alladin",
        "meta": "@sys.person",
        "alias": "nome",
        "userDefined": true
      }
    ],
    "isTemplate": false,
    "count": 0,
    "lang": "pt-br",
    "updated": 0
  },
  {
    "id": "f151556a-b791-47ff-8ace-bf900ac1ad44",
    "data": [
      {
        "text": "Victor",
        "meta": "@sys.person",
        "alias": "nome",
        "userDefined": false
      }
    ],
    "isTemplate": false,
    "count": 0,
    "lang": "pt-br",
    "updated": 0
  },
  {
    "id": "019c523f-5f10-4c52-b5b0-88bc08979274",
    "data": [
      {
        "text": "Renan",
        "meta": "@sys.person",
        "alias": "nome",
        "userDefined": false
      }
    ],
    "isTemplate": false,
    "count": 0,
    "lang": "pt-br",
    "updated": 0
  },
  {
    "id": "1fa59b83-1994-41be-9485-3bdd83c26541",
    "data": [
      {
        "text": "Fulano de Tal",
        "meta": "@sys.person",
        "alias": "nome",
        "userDefined": true
      }
    ],
    "isTemplate": false,
    "count": 0,
    "lang": "pt-br",
    "updated": 0
  },
  {
    "id": "b7ad8338-8872-493e-a867-8e0449bd04c6",
    "data": [
      {
        "text": "Renan Debortoli Landim",
        "meta": "@sys.person",
        "alias": "nome",
        "userDefined": true
      }
    ],
    "isTemplate": false,
    "count": 0,
    "lang": "pt-br",
    "updated": 0
  }
]