[
  {
    "id": "8e9af17a-d238-41bd-9b55-098c97756788",
    "data": [
      {
        "text": "Como fazer o check in?",
        "userDefined": false
      }
    ],
    "isTemplate": false,
    "count": 0,
    "lang": "pt-br",
    "updated": 0
  },
  {
    "id": "87a0bd84-ee7e-4dea-ad5c-08d0445480a9",
    "data": [
      {
        "text": "Poderia realizar meu check in?",
        "userDefined": false
      }
    ],
    "isTemplate": false,
    "count": 0,
    "lang": "pt-br",
    "updated": 0
  },
  {
    "id": "a138f620-516d-40ed-8e4a-9aebc81edcdf",
    "data": [
      {
        "text": "check in, ",
        "userDefined": false
      },
      {
        "text": "por",
        "userDefined": false
      },
      {
        "text": " favor",
        "userDefined": false
      }
    ],
    "isTemplate": false,
    "count": 0,
    "lang": "pt-br",
    "updated": 0
  },
  {
    "id": "de666f48-0934-46ec-bc1c-757d67d0fc19",
    "data": [
      {
        "text": "checkin",
        "userDefined": false
      }
    ],
    "isTemplate": false,
    "count": 0,
    "lang": "pt-br",
    "updated": 0
  },
  {
    "id": "bc33e19b-55c4-4be5-a831-62c54b6795b8",
    "data": [
      {
        "text": "check in",
        "userDefined": false
      }
    ],
    "isTemplate": false,
    "count": 0,
    "lang": "pt-br",
    "updated": 0
  },
  {
    "id": "e37faec3-fdd9-4bd4-85d1-b7266536e0e9",
    "data": [
      {
        "text": "quero fazer o check in",
        "userDefined": false
      }
    ],
    "isTemplate": false,
    "count": 0,
    "lang": "pt-br",
    "updated": 0
  },
  {
    "id": "8f9d86c8-3874-430e-b7c9-2322d45d3b0c",
    "data": [
      {
        "text": "Gostaria de fazer o check in",
        "userDefined": false
      }
    ],
    "isTemplate": false,
    "count": 0,
    "lang": "pt-br",
    "updated": 0
  }
]