[
  {
    "id": "93aa289f-5a29-46ea-9f7a-45e60842b8f7",
    "data": [
      {
        "text": "52341",
        "meta": "@sys.number",
        "alias": "passagem",
        "userDefined": false
      }
    ],
    "isTemplate": false,
    "count": 0,
    "lang": "pt-br",
    "updated": 0
  },
  {
    "id": "e894c8b7-9bf3-4c6d-8ac6-353c3e0b8185",
    "data": [
      {
        "text": "o cpf ",
        "userDefined": false
      },
      {
        "text": "23434212392",
        "meta": "@CPF",
        "alias": "CPF",
        "userDefined": false
      }
    ],
    "isTemplate": false,
    "count": 0,
    "lang": "pt-br",
    "updated": 0
  },
  {
    "id": "0f8daec7-2ec0-4881-bf05-c73b52b59d15",
    "data": [
      {
        "text": "43463843214",
        "meta": "@CPF",
        "alias": "CPF",
        "userDefined": false
      },
      {
        "text": " ",
        "userDefined": false
      },
      {
        "text": "12435",
        "meta": "@sys.number",
        "alias": "passagem",
        "userDefined": false
      }
    ],
    "isTemplate": false,
    "count": 0,
    "lang": "pt-br",
    "updated": 0
  },
  {
    "id": "11f7dd36-4d88-41df-bbca-82a8df30e090",
    "data": [
      {
        "text": "056.200.690-79",
        "meta": "@CPF",
        "alias": "CPF",
        "userDefined": false
      }
    ],
    "isTemplate": false,
    "count": 0,
    "lang": "pt-br",
    "updated": 0
  },
  {
    "id": "b91a2b02-ecca-4c3e-bcf4-b41596638e89",
    "data": [
      {
        "text": "090.123.521-10",
        "meta": "@CPF",
        "alias": "CPF",
        "userDefined": false
      },
      {
        "text": " ",
        "userDefined": false
      },
      {
        "text": "24531",
        "meta": "@sys.number",
        "alias": "passagem",
        "userDefined": false
      }
    ],
    "isTemplate": false,
    "count": 0,
    "lang": "pt-br",
    "updated": 0
  },
  {
    "id": "3dab8118-32b2-42b1-9c94-f273b4bab248",
    "data": [
      {
        "text": "98754332112",
        "meta": "@CPF",
        "alias": "CPF",
        "userDefined": false
      },
      {
        "text": " ",
        "userDefined": false
      },
      {
        "text": "53556",
        "meta": "@sys.number",
        "alias": "passagem",
        "userDefined": false
      }
    ],
    "isTemplate": false,
    "count": 0,
    "lang": "pt-br",
    "updated": 0
  },
  {
    "id": "25fef590-7823-4c61-81a1-849c429177a3",
    "data": [
      {
        "text": "643111888-2x",
        "meta": "@CPF",
        "alias": "CPF",
        "userDefined": false
      }
    ],
    "isTemplate": false,
    "count": 0,
    "lang": "pt-br",
    "updated": 0
  },
  {
    "id": "df26275c-ccf9-46a7-8b80-682780f38f1d",
    "data": [
      {
        "text": "99999",
        "meta": "@sys.number",
        "alias": "passagem",
        "userDefined": false
      }
    ],
    "isTemplate": false,
    "count": 0,
    "lang": "pt-br",
    "updated": 0
  },
  {
    "id": "18643939-29c2-4e0b-b257-ae0587b51d41",
    "data": [
      {
        "text": "41235",
        "meta": "@sys.number",
        "alias": "passagem",
        "userDefined": false
      }
    ],
    "isTemplate": false,
    "count": 0,
    "lang": "pt-br",
    "updated": 0
  },
  {
    "id": "6cf4bd83-ec69-4eca-a17d-54d45239fb76",
    "data": [
      {
        "text": "numero do voo é ",
        "userDefined": false
      },
      {
        "text": "12345",
        "meta": "@sys.number",
        "alias": "passagem",
        "userDefined": false
      }
    ],
    "isTemplate": false,
    "count": 0,
    "lang": "pt-br",
    "updated": 0
  },
  {
    "id": "b64f1466-1552-4bb3-b478-cb9926113d12",
    "data": [
      {
        "text": "o cpf é ",
        "userDefined": false
      },
      {
        "text": "555.222.129-99",
        "meta": "@CPF",
        "alias": "CPF",
        "userDefined": false
      }
    ],
    "isTemplate": false,
    "count": 0,
    "lang": "pt-br",
    "updated": 0
  },
  {
    "id": "aab7504d-2031-4b37-acb9-9d908f77c4f0",
    "data": [
      {
        "text": "meu cpf é ",
        "userDefined": false
      },
      {
        "text": "93529312344",
        "meta": "@CPF",
        "alias": "CPF",
        "userDefined": false
      }
    ],
    "isTemplate": false,
    "count": 0,
    "lang": "pt-br",
    "updated": 0
  },
  {
    "id": "780f2559-1cd8-4223-8ec8-351070db146b",
    "data": [
      {
        "text": "42423214562",
        "meta": "@CPF",
        "alias": "CPF",
        "userDefined": false
      }
    ],
    "isTemplate": false,
    "count": 0,
    "lang": "pt-br",
    "updated": 0
  },
  {
    "id": "d95cfd99-4f91-4258-9aec-1139c176ec6d",
    "data": [
      {
        "text": "123.343.124-52",
        "meta": "@CPF",
        "alias": "CPF",
        "userDefined": false
      }
    ],
    "isTemplate": false,
    "count": 0,
    "lang": "pt-br",
    "updated": 0
  }
]