[
  {
    "id": "817b7d84-6865-4391-a864-824643510ec2",
    "data": [
      {
        "text": "o cpf é ",
        "userDefined": false
      },
      {
        "text": "876.567.345-42",
        "meta": "@CPF",
        "alias": "CPF",
        "userDefined": true
      }
    ],
    "isTemplate": false,
    "count": 1,
    "lang": "pt-br",
    "updated": 0
  },
  {
    "id": "b755bb4d-680d-4834-8d50-31cc0e4333d2",
    "data": [
      {
        "text": "cpf \u003d ",
        "userDefined": false
      },
      {
        "text": "22211155523",
        "meta": "@CPF",
        "alias": "CPF",
        "userDefined": false
      },
      {
        "text": " codigo \u003d ",
        "userDefined": false
      },
      {
        "text": "73521",
        "meta": "@sys.number",
        "alias": "passagem",
        "userDefined": false
      }
    ],
    "isTemplate": false,
    "count": 0,
    "lang": "pt-br",
    "updated": 0
  },
  {
    "id": "674defca-15ff-45dc-9387-0d800405433e",
    "data": [
      {
        "text": "codigo \u003d ",
        "userDefined": false
      },
      {
        "text": "74321",
        "meta": "@sys.number",
        "alias": "passagem",
        "userDefined": false
      }
    ],
    "isTemplate": false,
    "count": 0,
    "lang": "pt-br",
    "updated": 0
  },
  {
    "id": "463f014c-dc0d-4d74-afbc-dbf259dfdfc4",
    "data": [
      {
        "text": "cpf \u003d ",
        "userDefined": false
      },
      {
        "text": "6311253324",
        "meta": "@CPF",
        "alias": "CPF",
        "userDefined": false
      }
    ],
    "isTemplate": false,
    "count": 0,
    "lang": "pt-br",
    "updated": 0
  },
  {
    "id": "147dee6b-227a-4d54-9a80-636abf120c57",
    "data": [
      {
        "text": "55534412352",
        "meta": "@CPF",
        "alias": "CPF",
        "userDefined": false
      },
      {
        "text": " ",
        "userDefined": false
      },
      {
        "text": "42512",
        "meta": "@sys.number",
        "alias": "passagem",
        "userDefined": false
      }
    ],
    "isTemplate": false,
    "count": 0,
    "lang": "pt-br",
    "updated": 0
  },
  {
    "id": "bcbb20a3-6a5f-47f2-983d-b9dd4b0e2134",
    "data": [
      {
        "text": "meu cpf é ",
        "userDefined": false
      },
      {
        "text": "123.456.123-xx",
        "meta": "@CPF",
        "alias": "CPF",
        "userDefined": true
      },
      {
        "text": " e o código da passagem é ",
        "userDefined": false
      },
      {
        "text": "63421",
        "meta": "@sys.number",
        "alias": "passagem",
        "userDefined": false
      }
    ],
    "isTemplate": false,
    "count": 0,
    "lang": "pt-br",
    "updated": 0
  },
  {
    "id": "a19d9e1a-8e2d-4627-b5e8-f021d499d9c0",
    "data": [
      {
        "text": "54321",
        "meta": "@sys.number",
        "alias": "passagem",
        "userDefined": false
      }
    ],
    "isTemplate": false,
    "count": 0,
    "lang": "pt-br",
    "updated": 0
  },
  {
    "id": "c13eee5a-d3c9-444e-be55-608dd7d43129",
    "data": [
      {
        "text": "33333",
        "meta": "@sys.number",
        "alias": "passagem",
        "userDefined": false
      }
    ],
    "isTemplate": false,
    "count": 0,
    "lang": "pt-br",
    "updated": 0
  },
  {
    "id": "c8894c0a-070a-4143-a295-4159ca03e168",
    "data": [
      {
        "text": "123.456.122-xx",
        "meta": "@CPF",
        "alias": "CPF",
        "userDefined": true
      }
    ],
    "isTemplate": false,
    "count": 0,
    "lang": "pt-br",
    "updated": 0
  },
  {
    "id": "5a38da60-791f-4703-bcf7-296bdf531d25",
    "data": [
      {
        "text": "32123495860",
        "meta": "@CPF",
        "alias": "CPF",
        "userDefined": false
      }
    ],
    "isTemplate": false,
    "count": 0,
    "lang": "pt-br",
    "updated": 0
  },
  {
    "id": "0adcadfd-f636-4e7f-9dd3-848e0dff0d8f",
    "data": [
      {
        "text": "23142",
        "meta": "@sys.number",
        "alias": "passagem",
        "userDefined": false
      }
    ],
    "isTemplate": false,
    "count": 0,
    "lang": "pt-br",
    "updated": 0
  },
  {
    "id": "25e95346-2d6a-4d94-b666-2085d8c009a7",
    "data": [
      {
        "text": "12345",
        "meta": "@sys.number",
        "alias": "passagem",
        "userDefined": true
      }
    ],
    "isTemplate": false,
    "count": 1,
    "lang": "pt-br",
    "updated": 0
  },
  {
    "id": "55f05fac-9e48-4ba6-8a97-835135e0d9d2",
    "data": [
      {
        "text": "11111111111",
        "meta": "@CPF",
        "alias": "CPF",
        "userDefined": true
      }
    ],
    "isTemplate": false,
    "count": 0,
    "lang": "pt-br",
    "updated": 0
  },
  {
    "id": "ae54a434-7f19-4324-b28b-a60f17b7de20",
    "data": [
      {
        "text": "111.111.111-11",
        "meta": "@CPF",
        "alias": "CPF",
        "userDefined": true
      }
    ],
    "isTemplate": false,
    "count": 0,
    "lang": "pt-br",
    "updated": 0
  }
]