[
  {
    "id": "2ec500e8-4448-44bf-8ea6-183846f2b840",
    "data": [
      {
        "text": "eu desejo criar ",
        "userDefined": false
      },
      {
        "text": "um",
        "userDefined": false
      },
      {
        "text": " ",
        "userDefined": false
      },
      {
        "text": "castro",
        "userDefined": false
      },
      {
        "text": " sim",
        "userDefined": false
      }
    ],
    "isTemplate": false,
    "count": 0,
    "lang": "pt-br",
    "updated": 0
  },
  {
    "id": "ed2de21f-819d-4ffe-9cf2-d388976003fb",
    "data": [
      {
        "text": "eu queria sim",
        "userDefined": false
      }
    ],
    "isTemplate": false,
    "count": 0,
    "lang": "pt-br",
    "updated": 0
  },
  {
    "id": "efcf14ba-a969-4cda-ab04-bb90b31e35a4",
    "data": [
      {
        "text": "sim, eu gostaria",
        "userDefined": false
      }
    ],
    "isTemplate": false,
    "count": 0,
    "lang": "pt-br",
    "updated": 0
  },
  {
    "id": "4915a42f-19de-4cbe-ab7d-ac80d1bfc807",
    "data": [
      {
        "text": "yep",
        "userDefined": false
      }
    ],
    "isTemplate": false,
    "count": 0,
    "lang": "pt-br",
    "updated": 0
  },
  {
    "id": "d3677bfd-aafc-4822-a7e6-0d776fc28780",
    "data": [
      {
        "text": "yes",
        "userDefined": false
      }
    ],
    "isTemplate": false,
    "count": 0,
    "lang": "pt-br",
    "updated": 0
  },
  {
    "id": "42ccdd08-1ff3-4a3f-9f3d-f5ff151a3287",
    "data": [
      {
        "text": "claro",
        "userDefined": false
      }
    ],
    "isTemplate": false,
    "count": 0,
    "lang": "pt-br",
    "updated": 0
  },
  {
    "id": "3ea17489-4640-4e20-9369-d3601e1928c4",
    "data": [
      {
        "text": "se possivel",
        "userDefined": false
      }
    ],
    "isTemplate": false,
    "count": 0,
    "lang": "pt-br",
    "updated": 0
  },
  {
    "id": "cb39744d-03de-46d3-b29f-6be635d37796",
    "data": [
      {
        "text": "por favor desejo criar",
        "userDefined": false
      }
    ],
    "isTemplate": false,
    "count": 0,
    "lang": "pt-br",
    "updated": 0
  },
  {
    "id": "9834097b-77d1-4b91-b70a-c4b87a6d15af",
    "data": [
      {
        "text": "quero",
        "userDefined": false
      }
    ],
    "isTemplate": false,
    "count": 0,
    "lang": "pt-br",
    "updated": 0
  },
  {
    "id": "77123831-d422-4689-a64c-a0fc6d6aff03",
    "data": [
      {
        "text": "por favor",
        "userDefined": false
      }
    ],
    "isTemplate": false,
    "count": 0,
    "lang": "pt-br",
    "updated": 0
  },
  {
    "id": "13a93aa0-0457-414f-a042-ba9bdf69b335",
    "data": [
      {
        "text": "gostaria",
        "userDefined": false
      }
    ],
    "isTemplate": false,
    "count": 0,
    "lang": "pt-br",
    "updated": 0
  },
  {
    "id": "be03c9ca-5c45-4dde-879c-98a7f6e1224b",
    "data": [
      {
        "text": "desejo",
        "userDefined": false
      }
    ],
    "isTemplate": false,
    "count": 0,
    "lang": "pt-br",
    "updated": 0
  },
  {
    "id": "408dc025-452f-4d99-b612-4c5be78aac8b",
    "data": [
      {
        "text": "sim",
        "userDefined": false
      }
    ],
    "isTemplate": false,
    "count": 0,
    "lang": "pt-br",
    "updated": 0
  }
]