[
  {
    "id": "f81e8e7b-6333-4c03-a68d-4bf3f9ecc58f",
    "data": [
      {
        "text": "o cpf é ",
        "userDefined": false
      },
      {
        "text": "635.343.213-xx",
        "meta": "@CPF",
        "alias": "CPF",
        "userDefined": true
      }
    ],
    "isTemplate": false,
    "count": 0,
    "lang": "pt-br",
    "updated": 0
  },
  {
    "id": "c9a76fa4-696a-4b89-83a4-493898e4fe6e",
    "data": [
      {
        "text": "cpf \u003d ",
        "userDefined": false
      },
      {
        "text": "21233456463",
        "meta": "@CPF",
        "alias": "CPF",
        "userDefined": false
      }
    ],
    "isTemplate": false,
    "count": 0,
    "lang": "pt-br",
    "updated": 0
  },
  {
    "id": "3269f536-b056-4dda-a8ce-96ac881bdb77",
    "data": [
      {
        "text": "meu cpf é ",
        "userDefined": false
      },
      {
        "text": "12553412324",
        "meta": "@CPF",
        "alias": "CPF",
        "userDefined": false
      }
    ],
    "isTemplate": false,
    "count": 0,
    "lang": "pt-br",
    "updated": 0
  },
  {
    "id": "8a0b6236-a477-4688-959c-664f6b92eed9",
    "data": [
      {
        "text": "987.654.443-1x",
        "meta": "@CPF",
        "alias": "CPF",
        "userDefined": true
      }
    ],
    "isTemplate": false,
    "count": 0,
    "lang": "pt-br",
    "updated": 0
  },
  {
    "id": "b6aaf902-48b4-4351-9ffa-4c34cc1b9c71",
    "data": [
      {
        "text": "123.123.123-12",
        "meta": "@CPF",
        "alias": "CPF",
        "userDefined": true
      }
    ],
    "isTemplate": false,
    "count": 0,
    "lang": "pt-br",
    "updated": 0
  },
  {
    "id": "72f7c2a4-dd17-4029-8924-b8ca5d5690b1",
    "data": [
      {
        "text": "11111111111",
        "meta": "@CPF",
        "alias": "CPF",
        "userDefined": true
      }
    ],
    "isTemplate": false,
    "count": 1,
    "lang": "pt-br",
    "updated": 0
  },
  {
    "id": "6c33dda3-b7d6-44e4-8bbb-403022a2f876",
    "data": [
      {
        "text": "111.111.111-11",
        "meta": "@CPF",
        "alias": "CPF",
        "userDefined": true
      }
    ],
    "isTemplate": false,
    "count": 0,
    "lang": "pt-br",
    "updated": 0
  }
]