[
  {
    "id": "2848e7b7-52a7-402c-a8df-4f445da9a45c",
    "data": [
      {
        "text": "quero reservar um dvd",
        "userDefined": false
      }
    ],
    "isTemplate": false,
    "count": 0,
    "lang": "pt-br",
    "updated": 0
  },
  {
    "id": "91de3e96-ab3a-4fd8-8a96-6d7aed196d1c",
    "data": [
      {
        "text": "quero reservar um filme",
        "userDefined": false
      }
    ],
    "isTemplate": false,
    "count": 0,
    "lang": "pt-br",
    "updated": 0
  },
  {
    "id": "bdaa394c-b96e-414c-b746-96f9cff89ddd",
    "data": [
      {
        "text": "quero reservar um iate",
        "userDefined": false
      }
    ],
    "isTemplate": false,
    "count": 0,
    "lang": "pt-br",
    "updated": 0
  },
  {
    "id": "1cafc082-cf4d-43c1-8fb7-92d75432db39",
    "data": [
      {
        "text": "quero comprar um bicicleta mais rápida que um avião",
        "userDefined": false
      }
    ],
    "isTemplate": false,
    "count": 0,
    "lang": "pt-br",
    "updated": 0
  },
  {
    "id": "94a2b142-6a3c-479b-8b79-2b1477caf7b5",
    "data": [
      {
        "text": "quero assistir um filme",
        "userDefined": false
      }
    ],
    "isTemplate": false,
    "count": 0,
    "lang": "pt-br",
    "updated": 0
  },
  {
    "id": "dd6767d7-ade4-4dbf-878c-0e2fa846fff7",
    "data": [
      {
        "text": "gostaria de comprar uma televisão 40 polegadas",
        "userDefined": false
      }
    ],
    "isTemplate": false,
    "count": 0,
    "lang": "pt-br",
    "updated": 0
  },
  {
    "id": "336e2c33-344a-4090-affa-5811f684aacc",
    "data": [
      {
        "text": "quero comprar um avião",
        "userDefined": false
      }
    ],
    "isTemplate": false,
    "count": 0,
    "lang": "pt-br",
    "updated": 0
  },
  {
    "id": "47aa5771-aaff-40bc-8c4a-b87cce7f69b1",
    "data": [
      {
        "text": "quero comprar uma bike",
        "userDefined": false
      }
    ],
    "isTemplate": false,
    "count": 0,
    "lang": "pt-br",
    "updated": 0
  },
  {
    "id": "2fb32877-22b9-4cf8-b3dd-af675c7c7f9b",
    "data": [
      {
        "text": "Gostaria de comprar uma bicicleta",
        "userDefined": false
      }
    ],
    "isTemplate": false,
    "count": 0,
    "lang": "pt-br",
    "updated": 0
  }
]