[
  {
    "id": "948fec79-f97a-47ac-ba7f-66876afb6a43",
    "data": [
      {
        "text": "obrigado, ",
        "userDefined": false
      },
      {
        "text": "me",
        "userDefined": false
      },
      {
        "text": " ajudou muito",
        "userDefined": false
      }
    ],
    "isTemplate": false,
    "count": 0,
    "lang": "pt-br",
    "updated": 0
  },
  {
    "id": "89c72015-645b-49f5-95f4-44749b6fbd68",
    "data": [
      {
        "text": "Até mais",
        "userDefined": false
      }
    ],
    "isTemplate": false,
    "count": 0,
    "lang": "pt-br",
    "updated": 0
  },
  {
    "id": "30a194ea-7752-4bb5-a22f-34967dff06ff",
    "data": [
      {
        "text": "Não fala mais comigo",
        "userDefined": false
      }
    ],
    "isTemplate": false,
    "count": 0,
    "lang": "pt-br",
    "updated": 0
  },
  {
    "id": "1f865e3b-e695-4c12-9ddc-eb69accac259",
    "data": [
      {
        "text": "Péssimo atendimento",
        "userDefined": false
      }
    ],
    "isTemplate": false,
    "count": 0,
    "lang": "pt-br",
    "updated": 0
  },
  {
    "id": "750f5fa6-ee7b-4d6c-9f2f-a0aa90e98a66",
    "data": [
      {
        "text": "Achei horrivel o atendimento, até nunca",
        "userDefined": false
      }
    ],
    "isTemplate": false,
    "count": 0,
    "lang": "pt-br",
    "updated": 0
  },
  {
    "id": "cb8738fb-a515-4721-bacd-c35bfd9891b5",
    "data": [
      {
        "text": "Muito obrigado pela sua paciência, até mais",
        "userDefined": false
      }
    ],
    "isTemplate": false,
    "count": 0,
    "lang": "pt-br",
    "updated": 0
  },
  {
    "id": "18f0c14f-3a0b-4fb8-a517-63f71dda02e6",
    "data": [
      {
        "text": "Obrigado",
        "userDefined": false
      }
    ],
    "isTemplate": false,
    "count": 0,
    "lang": "pt-br",
    "updated": 0
  },
  {
    "id": "138b1e3a-c668-4a47-bafe-ab5b0db84639",
    "data": [
      {
        "text": "Valeu",
        "userDefined": false
      }
    ],
    "isTemplate": false,
    "count": 0,
    "lang": "pt-br",
    "updated": 0
  },
  {
    "id": "e747415a-3e26-4f39-b852-412ab9bad417",
    "data": [
      {
        "text": "Até daqui a poco",
        "userDefined": false
      }
    ],
    "isTemplate": false,
    "count": 0,
    "lang": "pt-br",
    "updated": 0
  },
  {
    "id": "6326251e-ede7-4e9d-bf21-e2930612a489",
    "data": [
      {
        "text": "Ciao",
        "userDefined": false
      }
    ],
    "isTemplate": false,
    "count": 0,
    "lang": "pt-br",
    "updated": 0
  },
  {
    "id": "b77e390a-de12-4151-8380-56b8ef5bad65",
    "data": [
      {
        "text": "Bye",
        "userDefined": false
      }
    ],
    "isTemplate": false,
    "count": 1,
    "lang": "pt-br",
    "updated": 0
  },
  {
    "id": "1a5064e6-5d89-4781-ab1c-1d31cc617062",
    "data": [
      {
        "text": "Até logo",
        "userDefined": false
      }
    ],
    "isTemplate": false,
    "count": 0,
    "lang": "pt-br",
    "updated": 0
  },
  {
    "id": "9c2f36a2-1a10-4277-b150-7f6ea358032f",
    "data": [
      {
        "text": "Tchau",
        "userDefined": false
      }
    ],
    "isTemplate": false,
    "count": 0,
    "lang": "pt-br",
    "updated": 0
  }
]