[
  {
    "id": "b88283c0-359d-4a96-a1ee-12fe07bb6fdc",
    "data": [
      {
        "text": "o que se faz?",
        "userDefined": false
      }
    ],
    "isTemplate": false,
    "count": 0,
    "lang": "pt-br",
    "updated": 0
  },
  {
    "id": "90d2b86d-12a1-42b5-a066-af9da0524d5e",
    "data": [
      {
        "text": "o que vc faz?",
        "userDefined": false
      }
    ],
    "isTemplate": false,
    "count": 0,
    "lang": "pt-br",
    "updated": 0
  },
  {
    "id": "96bda004-9f74-4319-8051-8ef4c5a95808",
    "data": [
      {
        "text": "o que vc deveria fazer?",
        "userDefined": false
      }
    ],
    "isTemplate": false,
    "count": 0,
    "lang": "pt-br",
    "updated": 0
  },
  {
    "id": "97671f6f-6415-4879-ab3d-3d6a7cd16e85",
    "data": [
      {
        "text": "quem é vc?",
        "userDefined": false
      }
    ],
    "isTemplate": false,
    "count": 0,
    "lang": "pt-br",
    "updated": 0
  },
  {
    "id": "308ab258-c99f-4f31-ae78-42dd606a712f",
    "data": [
      {
        "text": "O que você deveria fazer?",
        "userDefined": false
      }
    ],
    "isTemplate": false,
    "count": 0,
    "lang": "pt-br",
    "updated": 0
  },
  {
    "id": "233fd82f-cb43-416e-b8c6-6cfa32163d3b",
    "data": [
      {
        "text": "qual o seu propósito?",
        "userDefined": false
      }
    ],
    "isTemplate": false,
    "count": 0,
    "lang": "pt-br",
    "updated": 0
  },
  {
    "id": "32dbd25b-ea26-4386-894e-6fed122867ba",
    "data": [
      {
        "text": "quem é você?",
        "userDefined": false
      }
    ],
    "isTemplate": false,
    "count": 0,
    "lang": "pt-br",
    "updated": 0
  },
  {
    "id": "4efa88a8-3631-4e4d-821c-21e8a18801cd",
    "data": [
      {
        "text": "O que você faz?",
        "userDefined": false
      }
    ],
    "isTemplate": false,
    "count": 0,
    "lang": "pt-br",
    "updated": 0
  }
]