[
  {
    "id": "03229dd9-6d7e-4f0f-a097-cf46239f5630",
    "data": [
      {
        "text": "poderia me mostrar o status da minha passagem?",
        "userDefined": false
      }
    ],
    "isTemplate": false,
    "count": 0,
    "lang": "pt-br",
    "updated": 0
  },
  {
    "id": "71cbbb0d-30f9-4d32-8341-e1cc9489ac1b",
    "data": [
      {
        "text": "poderia me mostrar o status do meu voo?",
        "userDefined": false
      }
    ],
    "isTemplate": false,
    "count": 0,
    "lang": "pt-br",
    "updated": 0
  },
  {
    "id": "05d1b78e-4f0a-4520-9880-e9fcd755c5a5",
    "data": [
      {
        "text": "status da passagem",
        "userDefined": false
      }
    ],
    "isTemplate": false,
    "count": 0,
    "lang": "pt-br",
    "updated": 0
  },
  {
    "id": "26bd957c-c663-420c-9594-ddef8a165b02",
    "data": [
      {
        "text": "poderia me mostrar o status do meu voo",
        "userDefined": false
      }
    ],
    "isTemplate": false,
    "count": 0,
    "lang": "pt-br",
    "updated": 0
  },
  {
    "id": "0e7b8f3b-68c5-45f6-81da-04378136ffd7",
    "data": [
      {
        "text": "status por favor",
        "userDefined": false
      }
    ],
    "isTemplate": false,
    "count": 0,
    "lang": "pt-br",
    "updated": 0
  },
  {
    "id": "bc4506df-53ba-41cc-8dd4-0495e99d2e37",
    "data": [
      {
        "text": "status do meu voo",
        "userDefined": false
      }
    ],
    "isTemplate": false,
    "count": 1,
    "lang": "pt-br",
    "updated": 0
  },
  {
    "id": "9a6322a7-13c8-49ac-95d8-64a283f9b571",
    "data": [
      {
        "text": "qual o status",
        "userDefined": false
      }
    ],
    "isTemplate": false,
    "count": 0,
    "lang": "pt-br",
    "updated": 0
  },
  {
    "id": "a782d50b-1d51-4c27-a72b-dc4d0fc286c7",
    "data": [
      {
        "text": "status da minha passagem",
        "userDefined": false
      }
    ],
    "isTemplate": false,
    "count": 0,
    "lang": "pt-br",
    "updated": 0
  }
]