[
  {
    "id": "d545fc5c-1cd7-4de6-bd3b-a12f4e7e62ff",
    "data": [
      {
        "text": "150",
        "meta": "@sys.number",
        "alias": "valor",
        "userDefined": false
      }
    ],
    "isTemplate": false,
    "count": 0,
    "lang": "pt-br",
    "updated": 0
  },
  {
    "id": "21a72622-7858-4f2c-9637-dd2f54fab758",
    "data": [
      {
        "text": "reais",
        "meta": "@moeda",
        "alias": "moeda",
        "userDefined": false
      }
    ],
    "isTemplate": false,
    "count": 0,
    "lang": "pt-br",
    "updated": 0
  },
  {
    "id": "177d2dcd-0aa1-4126-ac70-aaac0604b3fd",
    "data": [
      {
        "text": "yen",
        "meta": "@moeda",
        "alias": "moeda",
        "userDefined": false
      }
    ],
    "isTemplate": false,
    "count": 0,
    "lang": "pt-br",
    "updated": 0
  },
  {
    "id": "3233d0d6-6cfe-4f7b-a24a-e214959a9b8e",
    "data": [
      {
        "text": "euro",
        "meta": "@moeda",
        "alias": "moeda",
        "userDefined": false
      }
    ],
    "isTemplate": false,
    "count": 0,
    "lang": "pt-br",
    "updated": 0
  },
  {
    "id": "004752b5-bf8f-4e53-937c-dac55b692456",
    "data": [
      {
        "text": "2",
        "meta": "@sys.number",
        "alias": "valor",
        "userDefined": false
      }
    ],
    "isTemplate": false,
    "count": 0,
    "lang": "pt-br",
    "updated": 0
  },
  {
    "id": "7becece0-174a-4b5a-833a-7793da6d36b7",
    "data": [
      {
        "text": "1000",
        "meta": "@sys.number",
        "alias": "valor",
        "userDefined": false
      }
    ],
    "isTemplate": false,
    "count": 0,
    "lang": "pt-br",
    "updated": 0
  },
  {
    "id": "21f40c4c-ae0b-4833-9bf7-1ca03096cf97",
    "data": [
      {
        "text": "conversao monetaria",
        "userDefined": false
      }
    ],
    "isTemplate": false,
    "count": 0,
    "lang": "pt-br",
    "updated": 0
  },
  {
    "id": "159f29de-6a72-4e3c-9593-6546d4f89252",
    "data": [
      {
        "text": "conversao",
        "userDefined": false
      }
    ],
    "isTemplate": false,
    "count": 0,
    "lang": "pt-br",
    "updated": 0
  },
  {
    "id": "7821aeb2-1f7c-4171-8640-d77f5be79bb0",
    "data": [
      {
        "text": "1000",
        "meta": "@sys.number",
        "alias": "valor",
        "userDefined": false
      },
      {
        "text": " ",
        "userDefined": false
      },
      {
        "text": "dolars",
        "meta": "@moeda",
        "alias": "moeda",
        "userDefined": false
      },
      {
        "text": " em ",
        "userDefined": false
      },
      {
        "text": "bitcoins",
        "meta": "@moeda",
        "alias": "moeda2",
        "userDefined": false
      }
    ],
    "isTemplate": false,
    "count": 0,
    "lang": "pt-br",
    "updated": 0
  },
  {
    "id": "b4a5552c-0f28-44af-8359-899da3fb51cf",
    "data": [
      {
        "text": "1",
        "meta": "@sys.number",
        "alias": "valor",
        "userDefined": false
      },
      {
        "text": " ",
        "userDefined": false
      },
      {
        "text": "real",
        "meta": "@moeda",
        "alias": "moeda",
        "userDefined": false
      },
      {
        "text": " ",
        "userDefined": false
      },
      {
        "text": "para",
        "userDefined": false
      },
      {
        "text": " ",
        "userDefined": false
      },
      {
        "text": "dolar",
        "meta": "@moeda",
        "alias": "moeda2",
        "userDefined": false
      }
    ],
    "isTemplate": false,
    "count": 0,
    "lang": "pt-br",
    "updated": 0
  }
]