[
  {
    "id": "96eda52c-eec0-4161-a6e9-8f12852acc3a",
    "data": [
      {
        "text": "cotacao ",
        "userDefined": false
      },
      {
        "text": "real",
        "userDefined": false
      },
      {
        "text": " atualizada",
        "userDefined": false
      }
    ],
    "isTemplate": false,
    "count": 0,
    "lang": "pt-br",
    "updated": 0
  },
  {
    "id": "6fe429bf-3364-4f1b-ac1f-d0e2f8df4116",
    "data": [
      {
        "text": "cotacao",
        "userDefined": false
      },
      {
        "text": " atualizada",
        "userDefined": false
      }
    ],
    "isTemplate": false,
    "count": 0,
    "lang": "pt-br",
    "updated": 0
  }
]