[
  {
    "id": "15aa7d80-a383-4b9b-9c6f-68175007e5cd",
    "data": [
      {
        "text": "passagem dia ",
        "userDefined": false
      },
      {
        "text": "13/01",
        "meta": "@sys.date",
        "alias": "date",
        "userDefined": false
      },
      {
        "text": " ",
        "userDefined": false
      },
      {
        "text": "no nome",
        "userDefined": false
      },
      {
        "text": " de ",
        "userDefined": false
      },
      {
        "text": "carlos",
        "meta": "@sys.given-name",
        "alias": "name",
        "userDefined": false
      }
    ],
    "isTemplate": false,
    "count": 0,
    "lang": "pt-br",
    "updated": 0
  },
  {
    "id": "de114f6c-d7d3-4cd3-a8b5-fa345ee0ddea",
    "data": [
      {
        "text": "comprar passagem no voo ",
        "userDefined": false
      },
      {
        "text": "1234",
        "meta": "@sys.number",
        "alias": "flightCode",
        "userDefined": false
      }
    ],
    "isTemplate": false,
    "count": 0,
    "lang": "pt-br",
    "updated": 0
  },
  {
    "id": "893602f2-fae9-4eaa-987c-52296cbec8c7",
    "data": [
      {
        "text": "agendar viagem dia ",
        "userDefined": false
      },
      {
        "text": "31/12/2021",
        "meta": "@sys.date",
        "alias": "date",
        "userDefined": false
      },
      {
        "text": " as ",
        "userDefined": false
      },
      {
        "text": "14:00",
        "meta": "@sys.time",
        "alias": "time",
        "userDefined": false
      }
    ],
    "isTemplate": false,
    "count": 0,
    "lang": "pt-br",
    "updated": 0
  },
  {
    "id": "575850d0-de4b-40de-9130-bde69d0522f7",
    "data": [
      {
        "text": "comprar ",
        "userDefined": false
      },
      {
        "text": "passagem para",
        "userDefined": false
      },
      {
        "text": " o dia ",
        "userDefined": false
      },
      {
        "text": "14",
        "meta": "@sys.date",
        "alias": "date",
        "userDefined": false
      }
    ],
    "isTemplate": false,
    "count": 0,
    "lang": "pt-br",
    "updated": 0
  },
  {
    "id": "0e3ead6c-d59a-40f4-8ee0-6a4cfe129a40",
    "data": [
      {
        "text": "quero viajar",
        "userDefined": false
      }
    ],
    "isTemplate": false,
    "count": 0,
    "lang": "pt-br",
    "updated": 0
  },
  {
    "id": "640cb7d0-d6bd-4caa-8d65-2d38c3e2d1dc",
    "data": [
      {
        "text": "viajar",
        "userDefined": false
      }
    ],
    "isTemplate": false,
    "count": 0,
    "lang": "pt-br",
    "updated": 0
  },
  {
    "id": "996a826d-ddb6-448f-8212-0eb66ef4bcd8",
    "data": [
      {
        "text": "agendar passagem",
        "userDefined": false
      }
    ],
    "isTemplate": false,
    "count": 0,
    "lang": "pt-br",
    "updated": 0
  },
  {
    "id": "c6327bee-7ba3-45a2-93a6-01464460ccda",
    "data": [
      {
        "text": "agendar viagem",
        "userDefined": false
      }
    ],
    "isTemplate": false,
    "count": 0,
    "lang": "pt-br",
    "updated": 0
  },
  {
    "id": "eb51fe96-3afd-4fe3-a338-2e16fcf517dc",
    "data": [
      {
        "text": "quanto custa ",
        "userDefined": false
      },
      {
        "text": "passagem",
        "userDefined": false
      }
    ],
    "isTemplate": false,
    "count": 0,
    "lang": "pt-br",
    "updated": 0
  },
  {
    "id": "822d731f-71de-4059-b72e-12feb3fba7c9",
    "data": [
      {
        "text": "viagem de aviao",
        "userDefined": false
      }
    ],
    "isTemplate": false,
    "count": 0,
    "lang": "pt-br",
    "updated": 0
  },
  {
    "id": "5b584c56-d7e7-49b0-9900-5766f18b655d",
    "data": [
      {
        "text": "como comprar passagem",
        "userDefined": false
      }
    ],
    "isTemplate": false,
    "count": 0,
    "lang": "pt-br",
    "updated": 0
  },
  {
    "id": "9378146d-01da-4943-8108-38094a08efe1",
    "data": [
      {
        "text": "quero comprar ",
        "userDefined": false
      },
      {
        "text": "passagem",
        "userDefined": false
      }
    ],
    "isTemplate": false,
    "count": 0,
    "lang": "pt-br",
    "updated": 0
  },
  {
    "id": "d240677f-7c56-44da-9a1f-a51cd5f9115d",
    "data": [
      {
        "text": "quero agendar ",
        "userDefined": false
      },
      {
        "text": "um",
        "userDefined": false
      },
      {
        "text": " voo",
        "userDefined": false
      }
    ],
    "isTemplate": false,
    "count": 0,
    "lang": "pt-br",
    "updated": 0
  }
]