[
  {
    "id": "cb8cfd79-68a7-4073-ac54-617db83174a2",
    "data": [
      {
        "text": "98302",
        "meta": "@sys.number",
        "alias": "flightCode",
        "userDefined": true
      },
      {
        "text": " ",
        "userDefined": false
      },
      {
        "text": "12312312312",
        "meta": "@cpf",
        "alias": "cpf",
        "userDefined": true
      }
    ],
    "isTemplate": false,
    "count": 0,
    "lang": "pt-br",
    "updated": 0
  },
  {
    "id": "b052587b-3107-4e53-a071-d3ca15cbd5dd",
    "data": [
      {
        "text": "Carlos",
        "meta": "@sys.given-name",
        "alias": "name",
        "userDefined": false
      },
      {
        "text": " ",
        "userDefined": false
      },
      {
        "text": "1234",
        "meta": "@sys.number",
        "alias": "flightCode",
        "userDefined": true
      },
      {
        "text": " ",
        "userDefined": false
      },
      {
        "text": "321.123.212-12",
        "meta": "@cpf",
        "alias": "cpf",
        "userDefined": false
      }
    ],
    "isTemplate": false,
    "count": 0,
    "lang": "pt-br",
    "updated": 0
  },
  {
    "id": "d48041c2-57ca-4139-9479-c5d1cdf287ba",
    "data": [
      {
        "text": "sou o ",
        "userDefined": false
      },
      {
        "text": "Carlos",
        "meta": "@sys.given-name",
        "alias": "name",
        "userDefined": false
      },
      {
        "text": ", meu voo é numero ",
        "userDefined": false
      },
      {
        "text": "1234",
        "meta": "@sys.number",
        "alias": "flightCode",
        "userDefined": false
      },
      {
        "text": " e meu cpf é ",
        "userDefined": false
      },
      {
        "text": "321-123-123-12",
        "meta": "@cpf",
        "alias": "cpf",
        "userDefined": false
      }
    ],
    "isTemplate": false,
    "count": 0,
    "lang": "pt-br",
    "updated": 0
  },
  {
    "id": "fb07e4b8-50ab-4ef9-8400-b73e6b295c72",
    "data": [
      {
        "text": "meu nome é ",
        "userDefined": false
      },
      {
        "text": "Carlos",
        "meta": "@sys.given-name",
        "alias": "name",
        "userDefined": false
      },
      {
        "text": ", voo ",
        "userDefined": false
      },
      {
        "text": "1234",
        "meta": "@sys.number",
        "alias": "flightCode",
        "userDefined": false
      },
      {
        "text": ", cpf ",
        "userDefined": false
      },
      {
        "text": "21312312312",
        "meta": "@cpf",
        "alias": "cpf",
        "userDefined": false
      }
    ],
    "isTemplate": false,
    "count": 0,
    "lang": "pt-br",
    "updated": 0
  },
  {
    "id": "b3806fee-6822-48f9-9c05-f29195857e1e",
    "data": [
      {
        "text": "quero fazer checkin",
        "userDefined": false
      }
    ],
    "isTemplate": false,
    "count": 0,
    "lang": "pt-br",
    "updated": 0
  },
  {
    "id": "53bf249a-0419-4a64-aeb0-a561a5eb38c3",
    "data": [
      {
        "text": "check",
        "userDefined": false
      }
    ],
    "isTemplate": false,
    "count": 0,
    "lang": "pt-br",
    "updated": 0
  },
  {
    "id": "415f5b89-0879-469c-8e71-5d203ba6571d",
    "data": [
      {
        "text": "checkin",
        "userDefined": false
      }
    ],
    "isTemplate": false,
    "count": 0,
    "lang": "pt-br",
    "updated": 0
  },
  {
    "id": "3c2f6ef7-cc48-42bd-a75a-bc4d6fec3e30",
    "data": [
      {
        "text": "fazer checkin",
        "userDefined": false
      }
    ],
    "isTemplate": false,
    "count": 0,
    "lang": "pt-br",
    "updated": 0
  }
]