[
  {
    "id": "2a9ecfb9-91ce-4300-993c-65375ff96735",
    "data": [
      {
        "text": "não te conheço",
        "userDefined": false
      }
    ],
    "isTemplate": false,
    "count": 0,
    "lang": "pt-br",
    "updated": 0
  },
  {
    "id": "b08bf21f-e8a8-4ea0-a9d9-c85e310c7c3f",
    "data": [
      {
        "text": "quem é tu",
        "userDefined": false
      }
    ],
    "isTemplate": false,
    "count": 0,
    "lang": "pt-br",
    "updated": 0
  },
  {
    "id": "b6331bd1-5136-448e-8d99-785ad04646b5",
    "data": [
      {
        "text": "quem é você",
        "userDefined": false
      }
    ],
    "isTemplate": false,
    "count": 0,
    "lang": "pt-br",
    "updated": 0
  },
  {
    "id": "8726a1ef-8e83-40b4-90ad-ba7eb6239d25",
    "data": [
      {
        "text": "quem te criou",
        "userDefined": false
      }
    ],
    "isTemplate": false,
    "count": 0,
    "lang": "pt-br",
    "updated": 0
  },
  {
    "id": "13878a88-aa3e-4f31-898e-e641706ba3eb",
    "data": [
      {
        "text": "quem é voce",
        "userDefined": false
      }
    ],
    "isTemplate": false,
    "count": 0,
    "lang": "pt-br",
    "updated": 0
  },
  {
    "id": "0479fe54-a322-4d85-91cf-e8ed5244ed39",
    "data": [
      {
        "text": "Me ",
        "userDefined": false
      },
      {
        "text": "fale",
        "userDefined": false
      },
      {
        "text": " sobre você",
        "userDefined": false
      }
    ],
    "isTemplate": false,
    "count": 0,
    "lang": "pt-br",
    "updated": 0
  },
  {
    "id": "61a58061-c5de-46d5-bea6-b803e449f6f3",
    "data": [
      {
        "text": "sobre você",
        "userDefined": false
      }
    ],
    "isTemplate": false,
    "count": 0,
    "lang": "pt-br",
    "updated": 0
  }
]