[
  {
    "id": "d036fdab-6f66-4d12-a60f-884a61ede415",
    "data": [
      {
        "text": "agradeço",
        "userDefined": false
      }
    ],
    "isTemplate": false,
    "count": 0,
    "lang": "pt-br",
    "updated": 0
  },
  {
    "id": "22f4484d-5fb5-4565-b8b0-02d7b9bbc573",
    "data": [
      {
        "text": "muito obrigado",
        "userDefined": false
      }
    ],
    "isTemplate": false,
    "count": 0,
    "lang": "pt-br",
    "updated": 0
  },
  {
    "id": "fae59624-6d72-4e6f-b0d1-023b030e182d",
    "data": [
      {
        "text": "valeu",
        "userDefined": false
      }
    ],
    "isTemplate": false,
    "count": 0,
    "lang": "pt-br",
    "updated": 0
  },
  {
    "id": "787d659c-4541-4de0-ab67-4db8dcf73fb5",
    "data": [
      {
        "text": "tchau",
        "userDefined": false
      }
    ],
    "isTemplate": false,
    "count": 0,
    "lang": "pt-br",
    "updated": 0
  },
  {
    "id": "4fd30b5c-f8aa-4b7c-a375-7c285b035a27",
    "data": [
      {
        "text": "somente isso",
        "userDefined": false
      }
    ],
    "isTemplate": false,
    "count": 0,
    "lang": "pt-br",
    "updated": 0
  },
  {
    "id": "061053b9-fb9e-45df-affd-d217342a2d73",
    "data": [
      {
        "text": "fico agradecido",
        "userDefined": false
      }
    ],
    "isTemplate": false,
    "count": 0,
    "lang": "pt-br",
    "updated": 0
  },
  {
    "id": "8479c331-371a-4df0-aea6-db0a174bc377",
    "data": [
      {
        "text": "brigado",
        "userDefined": false
      }
    ],
    "isTemplate": false,
    "count": 0,
    "lang": "pt-br",
    "updated": 0
  },
  {
    "id": "10afb926-4349-4e23-b070-b301a5b5e761",
    "data": [
      {
        "text": "certo, obrigado",
        "userDefined": false
      }
    ],
    "isTemplate": false,
    "count": 1,
    "lang": "pt-br",
    "updated": 0
  },
  {
    "id": "6be8831f-5868-4bdd-82bf-2bc91df6927e",
    "data": [
      {
        "text": "obrigada",
        "userDefined": false
      }
    ],
    "isTemplate": false,
    "count": 0,
    "lang": "pt-br",
    "updated": 0
  },
  {
    "id": "4100dae2-fe3b-4e58-af4a-e10fff4c42c3",
    "data": [
      {
        "text": "obrigado",
        "userDefined": false
      }
    ],
    "isTemplate": false,
    "count": 0,
    "lang": "pt-br",
    "updated": 0
  }
]