[
  {
    "id": "053eec97-b79e-49db-808a-8a75deb02996",
    "data": [
      {
        "text": "voo ",
        "userDefined": false
      },
      {
        "text": "4323",
        "meta": "@sys.number-integer",
        "alias": "flightCode",
        "userDefined": false
      }
    ],
    "isTemplate": false,
    "count": 0,
    "lang": "pt-br",
    "updated": 0
  },
  {
    "id": "5947c4cf-990b-4547-8619-a3f34d1ffc7d",
    "data": [
      {
        "text": "status do voo ",
        "userDefined": false
      },
      {
        "text": "1234",
        "meta": "@sys.number-integer",
        "alias": "flightCode",
        "userDefined": false
      }
    ],
    "isTemplate": false,
    "count": 0,
    "lang": "pt-br",
    "updated": 0
  },
  {
    "id": "1f92ff55-2eeb-4177-a81a-0f13ee728279",
    "data": [
      {
        "text": "meu voo é quando",
        "userDefined": false
      }
    ],
    "isTemplate": false,
    "count": 0,
    "lang": "pt-br",
    "updated": 0
  },
  {
    "id": "1c7b7fb8-005b-4089-8975-691da23969d3",
    "data": [
      {
        "text": "quando é meu voo",
        "userDefined": false
      }
    ],
    "isTemplate": false,
    "count": 0,
    "lang": "pt-br",
    "updated": 0
  },
  {
    "id": "d15773f4-5b2e-4840-878a-f3a327fc7dd2",
    "data": [
      {
        "text": "pode me falar o status do meu voo",
        "userDefined": false
      }
    ],
    "isTemplate": false,
    "count": 0,
    "lang": "pt-br",
    "updated": 0
  },
  {
    "id": "9ba4273f-ea66-45a5-bcce-e1e8792d5730",
    "data": [
      {
        "text": "quero saber o status do meu voo",
        "userDefined": false
      }
    ],
    "isTemplate": false,
    "count": 0,
    "lang": "pt-br",
    "updated": 0
  },
  {
    "id": "ad922868-21f3-47a9-b64b-87aaf909123f",
    "data": [
      {
        "text": "quero saber do meu voo",
        "userDefined": false
      }
    ],
    "isTemplate": false,
    "count": 0,
    "lang": "pt-br",
    "updated": 0
  },
  {
    "id": "b82c7ea8-a086-449e-82b4-4fd6f27736ff",
    "data": [
      {
        "text": "status",
        "userDefined": false
      }
    ],
    "isTemplate": false,
    "count": 0,
    "lang": "pt-br",
    "updated": 0
  }
]