[
  {
    "value": "BRL",
    "synonyms": [
      "BRL",
      "real",
      "Real brasileiro",
      "brl",
      "real brasileiro",
      "moeda brasileira",
      "moeda do brasil",
      "reais",
      "Reais brasileiro"
    ]
  },
  {
    "value": "USD",
    "synonyms": [
      "USD",
      "dolar",
      "dolar americano",
      "dolares",
      "Dolar Americano",
      "Dolares",
      "Dólares",
      "dólar",
      "moeda do estados unidos",
      "usd"
    ]
  },
  {
    "value": "JPY",
    "synonyms": [
      "JPY",
      "Iene",
      "Ienes",
      "yene",
      "yenes",
      "moeda do japao",
      "moeda do japão",
      "jpy"
    ]
  },
  {
    "value": "EUR",
    "synonyms": [
      "EUR",
      "euro",
      "euros",
      "moeda da europa"
    ]
  },
  {
    "value": "BTC",
    "synonyms": [
      "BTC",
      "bitcoin",
      "xbt",
      "btc",
      "Bit coin",
      "cripto",
      "bitcoins",
      "Bitcoin"
    ]
  }
]