[
  {
    "id": "10ac8854-0a46-47d2-8194-3793bb9f87f7",
    "data": [
      {
        "text": "realizar o meu checkin",
        "userDefined": false
      }
    ],
    "isTemplate": false,
    "count": 0,
    "lang": "pt-br",
    "updated": 0
  },
  {
    "id": "26ab9af1-e185-4822-ad0c-705021ba6dd8",
    "data": [
      {
        "text": "check-in cpf ",
        "userDefined": false
      },
      {
        "text": "91346815702",
        "meta": "@cpf",
        "alias": "cpf",
        "userDefined": false
      }
    ],
    "isTemplate": false,
    "count": 0,
    "lang": "pt-br",
    "updated": 0
  },
  {
    "id": "aa29d09b-d32f-4a8b-a0e4-34b509052b45",
    "data": [
      {
        "text": "check in ",
        "userDefined": false
      },
      {
        "text": "24978543103",
        "meta": "@cpf",
        "alias": "cpf",
        "userDefined": false
      },
      {
        "text": " ",
        "userDefined": false
      },
      {
        "text": "3945",
        "meta": "@sys.number",
        "alias": "flightCode",
        "userDefined": false
      }
    ],
    "isTemplate": false,
    "count": 0,
    "lang": "pt-br",
    "updated": 0
  },
  {
    "id": "a20d3254-0f53-456f-b5f8-f85114b4c987",
    "data": [
      {
        "text": "fazer checkin voo ",
        "userDefined": false
      },
      {
        "text": "6748",
        "meta": "@sys.number",
        "alias": "flightCode",
        "userDefined": false
      },
      {
        "text": " cpf: ",
        "userDefined": false
      },
      {
        "text": "56198736521",
        "meta": "@cpf",
        "alias": "cpf",
        "userDefined": false
      }
    ],
    "isTemplate": false,
    "count": 0,
    "lang": "pt-br",
    "updated": 0
  },
  {
    "id": "a3144cc1-73fc-4c7f-b953-4aa9bb54c71a",
    "data": [
      {
        "text": "71465914795",
        "meta": "@cpf",
        "alias": "cpf",
        "userDefined": false
      },
      {
        "text": " voo ",
        "userDefined": false
      },
      {
        "text": "1263",
        "meta": "@sys.number",
        "alias": "flightCode",
        "userDefined": false
      },
      {
        "text": " check-in",
        "userDefined": false
      }
    ],
    "isTemplate": false,
    "count": 0,
    "lang": "pt-br",
    "updated": 0
  },
  {
    "id": "d375f183-5445-4a46-bb16-aaed0ae6cac8",
    "data": [
      {
        "text": "voo ",
        "userDefined": false
      },
      {
        "text": "4950",
        "meta": "@sys.number",
        "alias": "flightCode",
        "userDefined": false
      },
      {
        "text": " check in",
        "userDefined": false
      }
    ],
    "isTemplate": false,
    "count": 0,
    "lang": "pt-br",
    "updated": 0
  },
  {
    "id": "7cc4f6d4-c029-425d-9f32-b0c5f189cbcd",
    "data": [
      {
        "text": "checkin voo ",
        "userDefined": false
      },
      {
        "text": "3652",
        "meta": "@sys.number",
        "alias": "flightCode",
        "userDefined": true
      },
      {
        "text": " cpf ",
        "userDefined": false
      },
      {
        "text": "03295674852",
        "meta": "@cpf",
        "alias": "cpf",
        "userDefined": false
      }
    ],
    "isTemplate": false,
    "count": 0,
    "lang": "pt-br",
    "updated": 0
  },
  {
    "id": "12a82f92-ec2d-4179-87d1-669e51ad373d",
    "data": [
      {
        "text": "como faço o meu checkin?",
        "userDefined": false
      }
    ],
    "isTemplate": false,
    "count": 0,
    "lang": "pt-br",
    "updated": 0
  },
  {
    "id": "f5e2dbf9-6007-4814-abc3-45b34f0df725",
    "data": [
      {
        "text": "quero fazer o meu check-in",
        "userDefined": false
      }
    ],
    "isTemplate": false,
    "count": 0,
    "lang": "pt-br",
    "updated": 0
  },
  {
    "id": "94421b9e-d93e-4e8a-a8e1-fbf9947f073b",
    "data": [
      {
        "text": "check in",
        "userDefined": false
      }
    ],
    "isTemplate": false,
    "count": 0,
    "lang": "pt-br",
    "updated": 0
  }
]