[
  {
    "id": "a6cfd3da-1c2d-4517-8b50-105ef5e86936",
    "data": [
      {
        "text": "status do voo ",
        "userDefined": false
      },
      {
        "text": "8261",
        "meta": "@sys.number",
        "alias": "flightCode",
        "userDefined": true
      },
      {
        "text": ", meu cpf é: ",
        "userDefined": false
      },
      {
        "text": "01742345698",
        "meta": "@cpf",
        "alias": "cpf",
        "userDefined": true
      }
    ],
    "isTemplate": false,
    "count": 0,
    "lang": "pt-br",
    "updated": 0
  },
  {
    "id": "bf7aa0ef-e83d-4877-a2d9-b1f05ee3362f",
    "data": [
      {
        "text": "28749826548",
        "meta": "@cpf",
        "alias": "cpf",
        "userDefined": true
      },
      {
        "text": " voo ",
        "userDefined": false
      },
      {
        "text": "3019",
        "meta": "@sys.number",
        "alias": "flightCode",
        "userDefined": false
      }
    ],
    "isTemplate": false,
    "count": 0,
    "lang": "pt-br",
    "updated": 0
  },
  {
    "id": "06e239a6-6e1b-4785-b301-71a8ef1517cd",
    "data": [
      {
        "text": "status voo ",
        "userDefined": false
      },
      {
        "text": "0734",
        "meta": "@sys.number",
        "alias": "flightCode",
        "userDefined": true
      },
      {
        "text": " ",
        "userDefined": false
      },
      {
        "text": "96587432194",
        "meta": "@cpf",
        "alias": "cpf",
        "userDefined": true
      }
    ],
    "isTemplate": false,
    "count": 0,
    "lang": "pt-br",
    "updated": 0
  },
  {
    "id": "88be645e-03ef-4786-ba33-35a662584fa6",
    "data": [
      {
        "text": "986.498.789",
        "meta": "@cpf",
        "alias": "cpf",
        "userDefined": true
      },
      {
        "text": "-79 voo ",
        "userDefined": false
      },
      {
        "text": "5721",
        "meta": "@sys.number",
        "alias": "flightCode",
        "userDefined": false
      }
    ],
    "isTemplate": false,
    "count": 0,
    "lang": "pt-br",
    "updated": 0
  },
  {
    "id": "147d28c6-4cc2-45a2-99ea-2abb7bde2245",
    "data": [
      {
        "text": "voo ",
        "userDefined": false
      },
      {
        "text": "9504",
        "meta": "@sys.number",
        "alias": "flightCode",
        "userDefined": false
      },
      {
        "text": " status, cpf ",
        "userDefined": false
      },
      {
        "text": "653.032.789",
        "meta": "@cpf",
        "alias": "cpf",
        "userDefined": true
      },
      {
        "text": "-89",
        "userDefined": false
      }
    ],
    "isTemplate": false,
    "count": 0,
    "lang": "pt-br",
    "updated": 0
  },
  {
    "id": "f2d2496e-2658-4beb-b9cf-991ee88591d3",
    "data": [
      {
        "text": "achar status do voo ",
        "userDefined": false
      },
      {
        "text": "7143",
        "meta": "@sys.number",
        "alias": "flightCode",
        "userDefined": false
      }
    ],
    "isTemplate": false,
    "count": 0,
    "lang": "pt-br",
    "updated": 0
  },
  {
    "id": "ccb6458d-d44d-46be-9a29-35dab63b7986",
    "data": [
      {
        "text": "voo ",
        "userDefined": false
      },
      {
        "text": "6854",
        "meta": "@sys.number",
        "alias": "flightCode",
        "userDefined": false
      },
      {
        "text": " status",
        "userDefined": false
      }
    ],
    "isTemplate": false,
    "count": 0,
    "lang": "pt-br",
    "updated": 0
  },
  {
    "id": "d686843c-f1ef-4945-9bbd-18e5e59cdfba",
    "data": [
      {
        "text": "voo ",
        "userDefined": false
      },
      {
        "text": "9586",
        "meta": "@sys.number",
        "alias": "flightCode",
        "userDefined": false
      }
    ],
    "isTemplate": false,
    "count": 0,
    "lang": "pt-br",
    "updated": 0
  },
  {
    "id": "09099400-60ed-41de-99d9-d40f18836dd3",
    "data": [
      {
        "text": "saber status voo ",
        "userDefined": false
      },
      {
        "text": "2564",
        "meta": "@sys.number",
        "alias": "flightCode",
        "userDefined": false
      }
    ],
    "isTemplate": false,
    "count": 0,
    "lang": "pt-br",
    "updated": 0
  },
  {
    "id": "2529cb44-ad51-4d41-a599-3779f205429d",
    "data": [
      {
        "text": "status do voo ",
        "userDefined": false
      },
      {
        "text": "1234",
        "meta": "@sys.number",
        "alias": "flightCode",
        "userDefined": false
      }
    ],
    "isTemplate": false,
    "count": 0,
    "lang": "pt-br",
    "updated": 0
  },
  {
    "id": "a00d2094-a6e4-43ba-b261-c053a70f253e",
    "data": [
      {
        "text": "meu voo status",
        "userDefined": false
      }
    ],
    "isTemplate": false,
    "count": 0,
    "lang": "pt-br",
    "updated": 0
  },
  {
    "id": "c036decb-0708-4f52-a05b-ffa964b189d8",
    "data": [
      {
        "text": "status do voo",
        "userDefined": false
      }
    ],
    "isTemplate": false,
    "count": 0,
    "lang": "pt-br",
    "updated": 0
  },
  {
    "id": "3f8247eb-6157-4893-8092-f3a89f4b77c3",
    "data": [
      {
        "text": "como ver o status do voo",
        "userDefined": false
      }
    ],
    "isTemplate": false,
    "count": 0,
    "lang": "pt-br",
    "updated": 0
  },
  {
    "id": "4ceb86de-5312-46e0-ace2-198d5c528f2b",
    "data": [
      {
        "text": "quero ver o status do meu voo",
        "userDefined": false
      }
    ],
    "isTemplate": false,
    "count": 0,
    "lang": "pt-br",
    "updated": 0
  }
]