[
  {
    "id": "7bd6445a-4bef-4368-ab8d-3829c527b515",
    "data": [
      {
        "text": "ver passagens de ",
        "userDefined": false
      },
      {
        "text": "Vitória",
        "userDefined": false
      },
      {
        "text": " ",
        "userDefined": false
      },
      {
        "text": "para",
        "userDefined": false
      },
      {
        "text": " Proa",
        "userDefined": false
      }
    ],
    "isTemplate": false,
    "count": 0,
    "lang": "pt-br",
    "updated": 0
  },
  {
    "id": "b3eb45e3-e2f4-4eb8-af31-e072c1ac9cc3",
    "data": [
      {
        "text": "voos de ",
        "userDefined": false
      },
      {
        "text": "São Paulo para São Luís",
        "userDefined": false
      }
    ],
    "isTemplate": false,
    "count": 0,
    "lang": "pt-br",
    "updated": 0
  },
  {
    "id": "a37e106b-b121-4cae-80b5-fe0d8ec7a78d",
    "data": [
      {
        "text": "achar passagens aéreas",
        "userDefined": false
      }
    ],
    "isTemplate": false,
    "count": 0,
    "lang": "pt-br",
    "updated": 0
  },
  {
    "id": "c7749811-f14c-45ae-bc3b-6b96270487e9",
    "data": [
      {
        "text": "voo de ",
        "userDefined": false
      },
      {
        "text": "Rio de janeiro para Fortaleza",
        "userDefined": false
      }
    ],
    "isTemplate": false,
    "count": 0,
    "lang": "pt-br",
    "updated": 0
  },
  {
    "id": "ba17677d-feaf-4294-b12a-198519c5dc83",
    "data": [
      {
        "text": "achar passagem",
        "userDefined": false
      }
    ],
    "isTemplate": false,
    "count": 0,
    "lang": "pt-br",
    "updated": 0
  },
  {
    "id": "72a3cb2c-a864-4c3d-a1ca-518bfd76d72c",
    "data": [
      {
        "text": "como buscar ",
        "userDefined": false
      },
      {
        "text": "uma",
        "userDefined": false
      },
      {
        "text": " passagem",
        "userDefined": false
      }
    ],
    "isTemplate": false,
    "count": 0,
    "lang": "pt-br",
    "updated": 0
  },
  {
    "id": "3c10a6cc-3195-453b-8678-ca8f35d67675",
    "data": [
      {
        "text": "quero buscar ",
        "userDefined": false
      },
      {
        "text": "uma",
        "userDefined": false
      },
      {
        "text": " passagem",
        "userDefined": false
      }
    ],
    "isTemplate": false,
    "count": 0,
    "lang": "pt-br",
    "updated": 0
  },
  {
    "id": "71efa286-2bc9-4c74-90c0-5079cbc8ee9b",
    "data": [
      {
        "text": "buscar passagens aérea",
        "userDefined": false
      }
    ],
    "isTemplate": false,
    "count": 0,
    "lang": "pt-br",
    "updated": 0
  },
  {
    "id": "da2b1f90-1815-4b05-9cda-043fe2f7336a",
    "data": [
      {
        "text": "passagens de ",
        "userDefined": false
      },
      {
        "text": "Porto alegre para Campo Grande",
        "userDefined": false
      }
    ],
    "isTemplate": false,
    "count": 0,
    "lang": "pt-br",
    "updated": 0
  }
]