[
  {
    "id": "34d5906a-3e92-48de-b78c-01f614c9e399",
    "data": [
      {
        "text": "não",
        "userDefined": false
      }
    ],
    "isTemplate": false,
    "count": 0,
    "lang": "pt-br",
    "updated": 0
  },
  {
    "id": "f5365665-589b-4525-9533-7bab660841cc",
    "data": [
      {
        "text": "não ",
        "userDefined": false
      },
      {
        "text": "há",
        "userDefined": false
      },
      {
        "text": " como você me ajudar",
        "userDefined": false
      }
    ],
    "isTemplate": false,
    "count": 0,
    "lang": "pt-br",
    "updated": 0
  },
  {
    "id": "c80ec1ae-95f3-4717-970a-043554516ae7",
    "data": [
      {
        "text": "valeu",
        "userDefined": false
      }
    ],
    "isTemplate": false,
    "count": 0,
    "lang": "pt-br",
    "updated": 0
  },
  {
    "id": "6daed9f7-4dcd-40e2-ba73-d24bcf0814f9",
    "data": [
      {
        "text": "vlw, muito obrigado",
        "userDefined": false
      }
    ],
    "isTemplate": false,
    "count": 0,
    "lang": "pt-br",
    "updated": 0
  },
  {
    "id": "b378684b-e1ca-45d9-a1e8-945d2736646b",
    "data": [
      {
        "text": "era só isso mesmo",
        "userDefined": false
      }
    ],
    "isTemplate": false,
    "count": 0,
    "lang": "pt-br",
    "updated": 0
  },
  {
    "id": "3b2fe34b-7954-43b7-843d-6f1923559fae",
    "data": [
      {
        "text": "não preciso de ajuda",
        "userDefined": false
      }
    ],
    "isTemplate": false,
    "count": 1,
    "lang": "pt-br",
    "updated": 0
  },
  {
    "id": "c2cd9257-fb6a-4a64-bbe7-d06e7477fba3",
    "data": [
      {
        "text": "não preciso de mais nada",
        "userDefined": false
      }
    ],
    "isTemplate": false,
    "count": 0,
    "lang": "pt-br",
    "updated": 0
  },
  {
    "id": "cd94a266-5b21-485a-85b4-806dbb0747bf",
    "data": [
      {
        "text": "agradecido",
        "userDefined": false
      }
    ],
    "isTemplate": false,
    "count": 0,
    "lang": "pt-br",
    "updated": 0
  },
  {
    "id": "1aef50e8-6b4d-48f9-8135-95391fae12b2",
    "data": [
      {
        "text": "flw",
        "userDefined": false
      }
    ],
    "isTemplate": false,
    "count": 0,
    "lang": "pt-br",
    "updated": 0
  },
  {
    "id": "817ef36b-4881-4ada-a51f-6420ef693a8c",
    "data": [
      {
        "text": "obrigado, flw",
        "userDefined": false
      }
    ],
    "isTemplate": false,
    "count": 0,
    "lang": "pt-br",
    "updated": 0
  },
  {
    "id": "077f4c1f-c2c7-4b58-b325-1d6bfe64c4af",
    "data": [
      {
        "text": "adeus",
        "userDefined": false
      }
    ],
    "isTemplate": false,
    "count": 0,
    "lang": "pt-br",
    "updated": 0
  },
  {
    "id": "a5d19717-a30d-46ef-b537-137e7d7c17c4",
    "data": [
      {
        "text": "tchau tchau",
        "userDefined": false
      }
    ],
    "isTemplate": false,
    "count": 1,
    "lang": "pt-br",
    "updated": 0
  },
  {
    "id": "25f8e043-d4d6-4765-b96e-27f8e1ea991d",
    "data": [
      {
        "text": "muito obrigado",
        "userDefined": false
      }
    ],
    "isTemplate": false,
    "count": 0,
    "lang": "pt-br",
    "updated": 0
  },
  {
    "id": "cd7434d0-f99d-4f66-9dab-3099c9d1cfc4",
    "data": [
      {
        "text": "Não necessito de ajuda, obrigado",
        "userDefined": false
      }
    ],
    "isTemplate": false,
    "count": 0,
    "lang": "pt-br",
    "updated": 0
  }
]