[
  {
    "id": "f8cd0d07-323c-4bad-92b2-2ef9bdba4566",
    "data": [
      {
        "text": "about me",
        "userDefined": false
      }
    ],
    "isTemplate": false,
    "count": 0,
    "lang": "pt-br",
    "updated": 0
  },
  {
    "id": "d41c95c5-197f-49bf-b0a4-772cae20113e",
    "data": [
      {
        "text": "desenvolvedor do bot",
        "userDefined": false
      }
    ],
    "isTemplate": false,
    "count": 0,
    "lang": "pt-br",
    "updated": 0
  },
  {
    "id": "bce350ca-77f1-42d4-bf77-94771e6ed153",
    "data": [
      {
        "text": "dono do bot",
        "userDefined": false
      }
    ],
    "isTemplate": false,
    "count": 0,
    "lang": "pt-br",
    "updated": 0
  },
  {
    "id": "396c1637-d3b5-446d-99c1-c2977c5dbef5",
    "data": [
      {
        "text": "responsavel bot",
        "userDefined": false
      }
    ],
    "isTemplate": false,
    "count": 0,
    "lang": "pt-br",
    "updated": 0
  },
  {
    "id": "91d99e7e-aa3e-4ba3-b6f0-f2ac1850f1fe",
    "data": [
      {
        "text": "mais informações sobre o bot",
        "userDefined": false
      }
    ],
    "isTemplate": false,
    "count": 0,
    "lang": "pt-br",
    "updated": 0
  },
  {
    "id": "4a6b66ba-846f-4826-a6b2-e77087da26cc",
    "data": [
      {
        "text": "funções do bot",
        "userDefined": false
      }
    ],
    "isTemplate": false,
    "count": 0,
    "lang": "pt-br",
    "updated": 0
  },
  {
    "id": "246feeec-d452-4775-a850-4788e6b596a6",
    "data": [
      {
        "text": "propósito do bot",
        "userDefined": false
      }
    ],
    "isTemplate": false,
    "count": 0,
    "lang": "pt-br",
    "updated": 0
  },
  {
    "id": "e46a3c3a-a445-49a6-ab74-8e4b778aa25b",
    "data": [
      {
        "text": "sobre mim",
        "userDefined": false
      }
    ],
    "isTemplate": false,
    "count": 0,
    "lang": "pt-br",
    "updated": 0
  },
  {
    "id": "229ab8e7-3058-43c0-975e-99dab9994296",
    "data": [
      {
        "text": "quem foi o responsavel pelo bot",
        "userDefined": false
      }
    ],
    "isTemplate": false,
    "count": 0,
    "lang": "pt-br",
    "updated": 0
  },
  {
    "id": "36171de1-0d1c-4abd-a7c3-8e62aaa8c0f4",
    "data": [
      {
        "text": "quem fez esse bot?",
        "userDefined": false
      }
    ],
    "isTemplate": false,
    "count": 0,
    "lang": "pt-br",
    "updated": 0
  }
]