[
  {
    "id": "e72b693b-3ef7-456d-9b83-6a51dc1c4fd9",
    "data": [
      {
        "text": "ultima ",
        "userDefined": false
      },
      {
        "text": "cotação",
        "userDefined": false
      }
    ],
    "isTemplate": false,
    "count": 0,
    "lang": "pt-br",
    "updated": 0
  },
  {
    "id": "e669d2f0-a5cc-45c7-ab62-80e00d60a1b3",
    "data": [
      {
        "text": "3",
        "userDefined": false
      }
    ],
    "isTemplate": false,
    "count": 0,
    "lang": "pt-br",
    "updated": 0
  }
]