[
  {
    "value": "BSB",
    "synonyms": [
      "BSB",
      "Aeroporto Internacional de Brasília",
      "Aeroporto Presidente Jucelino Kubitschek",
      "Aeroporto de Brasília"
    ]
  },
  {
    "value": "CGH",
    "synonyms": [
      "CGH",
      "Aeroporto de Congonhas",
      "Congonhas"
    ]
  },
  {
    "value": "GIG",
    "synonyms": [
      "GIG",
      "Aeroporto Internacional do Rio de Janeiro",
      "Aeroporto Galeão-Antônio Carlos Jobim"
    ]
  },
  {
    "value": "SSA",
    "synonyms": [
      "SSA",
      "Aeroporto Internacional de Salvador",
      "Aeroporto Deputado Luis Eduardo Magalhães"
    ]
  },
  {
    "value": "FLN",
    "synonyms": [
      "FLN",
      "Aeroporto Internacional de Florianópolis",
      "Aeroporto Hercílio Luz"
    ]
  },
  {
    "value": "POA",
    "synonyms": [
      "POA",
      "Aeroporto Internacional de Porto Alegre",
      "Aeroporto Salgado Filho"
    ]
  },
  {
    "value": "VCP",
    "synonyms": [
      "VCP",
      "Aeroporto Internacional de Viracopos"
    ]
  },
  {
    "value": "REC",
    "synonyms": [
      "REC",
      "Aeroporto Internacional do Recife",
      "Aeroporto Guararapes – Gilberto Freyre"
    ]
  },
  {
    "value": "CWB",
    "synonyms": [
      "CWB",
      "Aeroporto Internacional de Curitiba",
      "Aeroporto Afonso Pena"
    ]
  },
  {
    "value": "BEL",
    "synonyms": [
      "BEL",
      "Aeroporto Internacional de Belém",
      "Aeroporto Val de Cans"
    ]
  },
  {
    "value": "VIX",
    "synonyms": [
      "VIX",
      "Aeroporto de Vitória",
      "Aeroporto Eurico de Aguiar Salles"
    ]
  },
  {
    "value": "SDU",
    "synonyms": [
      "SDU",
      "Aerorporto Santos Dumont"
    ]
  },
  {
    "value": "CGB",
    "synonyms": [
      "CGB",
      "Aeroporto Internacional de Cuiabá",
      "Aeroporto Marechal Rondon"
    ]
  },
  {
    "value": "CGR",
    "synonyms": [
      "CGR",
      "Aeroporto Internacional de Campo Grande",
      "Aeroporto de Campo Grande"
    ]
  },
  {
    "value": "FOR",
    "synonyms": [
      "FOR",
      "Aeroporto Internacional de Fortaleza",
      "Aeroporto Pinto Martins"
    ]
  },
  {
    "value": "MCP",
    "synonyms": [
      "MCP",
      "Aeroporto Internacional de Macapá"
    ]
  },
  {
    "value": "MGF",
    "synonyms": [
      "MGF",
      "Aeroporto Regional de Maringá",
      "Aeroporto Silvio Name Junior"
    ]
  },
  {
    "value": "GYN",
    "synonyms": [
      "GYN",
      "Aeroporto de Goiânia",
      "Aeroporto Santa Genoveva"
    ]
  },
  {
    "value": "NVT",
    "synonyms": [
      "NVT",
      "Aeroporto Internacional de Navegantes",
      "Aeroporto Ministro Victor Konder"
    ]
  },
  {
    "value": "MAO",
    "synonyms": [
      "MAO",
      "Aeroporto Internacional de Manaus",
      "Aeroporto Eduardo Gomes"
    ]
  },
  {
    "value": "NAT",
    "synonyms": [
      "NAT",
      "Aeroporto Internacional de Natal",
      "Aeroporto Augusto Severo"
    ]
  },
  {
    "value": "BPS",
    "synonyms": [
      "BPS",
      "Aeroporto Internacional de Porto Seguro"
    ]
  },
  {
    "value": "MCZ",
    "synonyms": [
      "MCZ",
      "Aeroporto de Maceió",
      "Aeroporto Zumbi dos Palmares"
    ]
  },
  {
    "value": "PMW",
    "synonyms": [
      "PMW",
      "Aeroporto de Palmas",
      "Aeroporto Brigadeiro Lysias Rodrigues"
    ]
  },
  {
    "value": "SLZ",
    "synonyms": [
      "SLZ",
      "Aeroporto Internacional de São Luís",
      "Aeroporto Marechal Cunha Machado"
    ]
  },
  {
    "value": "GRU",
    "synonyms": [
      "GRU",
      "Aeroporto Internacional de Guarulhos",
      "Aeroporto Guarulhos-Governador André Franco Motoro",
      "Guarulhos"
    ]
  },
  {
    "value": "LDB",
    "synonyms": [
      "LDB",
      "Aeroporto de Londrina",
      "Aeroporto Governador José Richa"
    ]
  },
  {
    "value": "PVH",
    "synonyms": [
      "PVH",
      "Aeroporto Internacional de Porto Velho",
      "Aeroporto Governador Jorge Teixeira de Oliveira"
    ]
  },
  {
    "value": "RBR",
    "synonyms": [
      "RBR",
      "Aeroporto Internacional de Rio Branco",
      "Aeroporto Plácido de Castro"
    ]
  },
  {
    "value": "JOI",
    "synonyms": [
      "JOI",
      "Aeroporto de Joinville",
      "Aeroporto Lauro Carneiro de Loyola"
    ]
  },
  {
    "value": "UDI",
    "synonyms": [
      "UDI",
      "Aeroporto de Uberlândia",
      "Aeroporto Ten. Cel. Av. César Bombonato"
    ]
  },
  {
    "value": "CXJ",
    "synonyms": [
      "CXJ",
      "Aeroporto Regional de Caxias do Sul",
      "Aeroporto Hugo Cantergiani"
    ]
  },
  {
    "value": "IGU",
    "synonyms": [
      "IGU",
      "Aeroporto Internacional de Foz do Iguaçu"
    ]
  },
  {
    "value": "THE",
    "synonyms": [
      "THE",
      "Aeroporto de Teresina",
      "Aeroporto de Teresina – Senador Petrônio Portella"
    ]
  },
  {
    "value": "AJU",
    "synonyms": [
      "AJU",
      "Aeroporto Internacional de Aracaju",
      "Aeroporto Santa Maria"
    ]
  },
  {
    "value": "JPA",
    "synonyms": [
      "JPA",
      "Aeroporto Internacional de João Pessoa",
      "Aeroporto Presidente Castro Pinto"
    ]
  },
  {
    "value": "PNZ",
    "synonyms": [
      "PNZ",
      "Aeroporto de Petrolina",
      "Aeroporto Senador Nilo Coelho"
    ]
  },
  {
    "value": "CNF",
    "synonyms": [
      "CNF",
      "Aeroporto Internacional de Minas Gerais",
      "Aeroporto Confins – Tancredo Neves"
    ]
  },
  {
    "value": "BVB",
    "synonyms": [
      "BVB",
      "Aeroporto Internacional de Boa Vista",
      "Aeroporto Atlas Brasil Cantanhede"
    ]
  },
  {
    "value": "CPV",
    "synonyms": [
      "CPV",
      "Aeroporto de Campina Grande",
      "Aeroporto Presidente João Suassuna"
    ]
  },
  {
    "value": "STM",
    "synonyms": [
      "STM",
      "Aeroporto de Santarém",
      "Aeroporto Maestro Wilson Fonseca"
    ]
  },
  {
    "value": "IOS",
    "synonyms": [
      "IOS",
      "Aeroporto de Ilhéus",
      "Aeroporto Bahia-Jorge Amado"
    ]
  },
  {
    "value": "JDO",
    "synonyms": [
      "JDO",
      "Aeroporto de Juazeiro do Norte – Orlando Bezerra"
    ]
  },
  {
    "value": "IMP",
    "synonyms": [
      "IMP",
      "Aeroporto de Imperatriz – Prefeito Renato Moreira"
    ]
  },
  {
    "value": "XAP",
    "synonyms": [
      "XAP",
      "Aeroporto de Chapecó – Serafin Enoss Bertaso"
    ]
  },
  {
    "value": "MAB",
    "synonyms": [
      "MAB",
      "Aeroporto de Marabá"
    ]
  },
  {
    "value": "CZS",
    "synonyms": [
      "CZS",
      "Aeroporto Internacional de Cruzeiro do Sul"
    ]
  },
  {
    "value": "PPB",
    "synonyms": [
      "PPB",
      "Aeroporto Estadual de Presidente Prudente"
    ]
  },
  {
    "value": "CFB",
    "synonyms": [
      "CFB",
      "Aeroporto Internacional de Cabo Frio"
    ]
  },
  {
    "value": "FEN",
    "synonyms": [
      "FEN",
      "Aeroporto de Fernando de Noronha"
    ]
  },
  {
    "value": "JTC",
    "synonyms": [
      "JTC",
      "Aeroporto Estadual de Bauru",
      "Aeroporto Arealva"
    ]
  },
  {
    "value": "MOC",
    "synonyms": [
      "MOC",
      "Aeroporto de Montes Claros",
      "Aeroporto Mário Ribeiro"
    ]
  }
]