[
  {
    "id": "10eebfc1-8bbd-442b-a12c-79d79e2f6d7a",
    "data": [
      {
        "text": "Chaves Villas Boas",
        "meta": "@sys.person",
        "alias": "person",
        "userDefined": true
      }
    ],
    "isTemplate": false,
    "count": 0,
    "lang": "pt-br",
    "updated": 0
  },
  {
    "id": "e42b1530-3a34-46f3-bd20-336442660506",
    "data": [
      {
        "text": "6354",
        "meta": "@sys.number",
        "alias": "flightCode",
        "userDefined": false
      }
    ],
    "isTemplate": false,
    "count": 0,
    "lang": "pt-br",
    "updated": 0
  },
  {
    "id": "8661608e-a0f7-4643-a3b1-b102e9b6c5e5",
    "data": [
      {
        "text": "998.907.930-75",
        "meta": "@sys.number",
        "alias": "cpf",
        "userDefined": true
      }
    ],
    "isTemplate": false,
    "count": 0,
    "lang": "pt-br",
    "updated": 0
  }
]