[
  {
    "id": "ceec9c1f-1c56-4c67-8ed6-3b5809c7a7da",
    "data": [
      {
        "text": "697.752.280-18",
        "meta": "@sys.number",
        "alias": "cpf",
        "userDefined": true
      }
    ],
    "isTemplate": false,
    "count": 0,
    "lang": "pt-br",
    "updated": 0
  },
  {
    "id": "27f957b6-3b3a-45f7-b5f5-3f9ad3549988",
    "data": [
      {
        "text": "998.907.930-75",
        "meta": "@sys.number",
        "alias": "cpf",
        "userDefined": true
      }
    ],
    "isTemplate": false,
    "count": 0,
    "lang": "pt-br",
    "updated": 0
  },
  {
    "id": "c79812df-3123-4b8f-b8e5-ae085000b21c",
    "data": [
      {
        "text": "2461",
        "meta": "@sys.number",
        "alias": "flightCode",
        "userDefined": true
      }
    ],
    "isTemplate": false,
    "count": 0,
    "lang": "pt-br",
    "updated": 0
  }
]