[
  {
    "id": "eb508628-3336-492c-8369-224803115b93",
    "data": [
      {
        "text": "teste",
        "userDefined": false
      }
    ],
    "isTemplate": false,
    "count": 0,
    "lang": "pt-br",
    "updated": 0
  },
  {
    "id": "df8fe63c-876b-4e2b-8cdd-24e5550027bd",
    "data": [
      {
        "text": "998.907.930-75",
        "meta": "@sys.number",
        "alias": "cpf",
        "userDefined": true
      }
    ],
    "isTemplate": false,
    "count": 0,
    "lang": "pt-br",
    "updated": 0
  },
  {
    "id": "ccc346ba-e381-4e2a-bdeb-e2c740609614",
    "data": [
      {
        "text": "6354",
        "meta": "@sys.number",
        "alias": "flightCode",
        "userDefined": true
      }
    ],
    "isTemplate": false,
    "count": 0,
    "lang": "pt-br",
    "updated": 0
  }
]