[
  {
    "id": "3a29f68e-72e7-41df-8990-27ae09a59a4b",
    "data": [
      {
        "text": "o que é o Compasso Voos Bot ?",
        "userDefined": false
      }
    ],
    "isTemplate": false,
    "count": 0,
    "lang": "pt-br",
    "updated": 0
  },
  {
    "id": "8a48cfd0-0cca-4f99-992f-50d09e557946",
    "data": [
      {
        "text": "para",
        "userDefined": false
      },
      {
        "text": " que você serve ?",
        "userDefined": false
      }
    ],
    "isTemplate": false,
    "count": 0,
    "lang": "pt-br",
    "updated": 0
  },
  {
    "id": "e9ee45ec-6760-4ed8-9c1e-d3062241ef42",
    "data": [
      {
        "text": "quem é vc ?",
        "userDefined": false
      }
    ],
    "isTemplate": false,
    "count": 0,
    "lang": "pt-br",
    "updated": 0
  },
  {
    "id": "27437e99-c0b1-4dde-91b7-ade87513d444",
    "data": [
      {
        "text": "com quem estou falando ?",
        "userDefined": false
      }
    ],
    "isTemplate": false,
    "count": 0,
    "lang": "pt-br",
    "updated": 0
  }
]