[
  {
    "id": "08ac2df7-8ed1-4446-9aa1-6fa32e551e5b",
    "data": [
      {
        "text": "3355",
        "meta": "@sys.number-integer",
        "alias": "flightCode",
        "userDefined": false
      },
      {
        "text": ", ",
        "userDefined": false
      },
      {
        "text": "Arlindo de Almeida",
        "meta": "@sys.person",
        "alias": "person",
        "userDefined": false
      },
      {
        "text": ", ",
        "userDefined": false
      },
      {
        "text": "777.212.480-51",
        "meta": "@CPF",
        "alias": "cpf",
        "userDefined": false
      }
    ],
    "isTemplate": false,
    "count": 0,
    "lang": "pt-br",
    "updated": 0
  },
  {
    "id": "9ca84b59-a0dd-401c-a439-88530b420791",
    "data": [
      {
        "text": "sou ",
        "userDefined": false
      },
      {
        "text": "Ana Maria",
        "meta": "@sys.person",
        "alias": "person",
        "userDefined": false
      },
      {
        "text": ", meu cpf é ",
        "userDefined": false
      },
      {
        "text": "111.222.333-44",
        "meta": "@CPF",
        "alias": "cpf",
        "userDefined": false
      },
      {
        "text": " e meu código de voo e ",
        "userDefined": false
      },
      {
        "text": "4567",
        "meta": "@sys.number-integer",
        "alias": "flightCode",
        "userDefined": false
      }
    ],
    "isTemplate": false,
    "count": 0,
    "lang": "pt-br",
    "updated": 0
  },
  {
    "id": "0d8301a1-7c0e-4408-a68f-1407d9baff15",
    "data": [
      {
        "text": "Lucas de Souza",
        "meta": "@sys.person",
        "alias": "person",
        "userDefined": false
      },
      {
        "text": ", ",
        "userDefined": false
      },
      {
        "text": "222.333.111-44",
        "meta": "@CPF",
        "alias": "cpf",
        "userDefined": false
      },
      {
        "text": ", ",
        "userDefined": false
      },
      {
        "text": "3444",
        "meta": "@sys.number-integer",
        "alias": "flightCode",
        "userDefined": false
      }
    ],
    "isTemplate": false,
    "count": 0,
    "lang": "pt-br",
    "updated": 0
  },
  {
    "id": "830a190b-426a-44b3-9a17-70f669e41df9",
    "data": [
      {
        "text": "meu nome ",
        "userDefined": false
      },
      {
        "text": "Maria do Carmo",
        "meta": "@sys.person",
        "alias": "person",
        "userDefined": true
      },
      {
        "text": ", cpf ",
        "userDefined": false
      },
      {
        "text": "777.212.480-51",
        "meta": "@CPF",
        "alias": "cpf",
        "userDefined": true
      },
      {
        "text": " e código ",
        "userDefined": false
      },
      {
        "text": "3355",
        "meta": "@sys.number-integer",
        "alias": "flightCode",
        "userDefined": true
      }
    ],
    "isTemplate": false,
    "count": 0,
    "lang": "pt-br",
    "updated": 0
  }
]