[
  {
    "id": "79597a9a-7114-41f4-9ce3-f0672eb28d1f",
    "data": [
      {
        "text": "dia ",
        "userDefined": false
      },
      {
        "text": "25/12",
        "meta": "@sys.date",
        "alias": "departureDate",
        "userDefined": true
      }
    ],
    "isTemplate": false,
    "count": 0,
    "lang": "pt-br",
    "updated": 0
  },
  {
    "id": "a4c83bb2-4abf-44ba-9d9a-2d818dc8af19",
    "data": [
      {
        "text": "dia ",
        "userDefined": false
      },
      {
        "text": "25 de dezembro",
        "meta": "@sys.date",
        "alias": "departureDate",
        "userDefined": false
      }
    ],
    "isTemplate": false,
    "count": 0,
    "lang": "pt-br",
    "updated": 0
  },
  {
    "id": "60037a64-cc17-42fe-b96a-9f7a4cebb63c",
    "data": [
      {
        "text": "quero sair ",
        "userDefined": false
      },
      {
        "text": "amanhã",
        "meta": "@sys.date",
        "alias": "departureDate",
        "userDefined": false
      }
    ],
    "isTemplate": false,
    "count": 0,
    "lang": "pt-br",
    "updated": 0
  },
  {
    "id": "e4d6fc76-02e1-49fa-aca0-aff52a333ccf",
    "data": [
      {
        "text": "preciso da ",
        "userDefined": false
      },
      {
        "text": "passagem para",
        "userDefined": false
      },
      {
        "text": " ",
        "userDefined": false
      },
      {
        "text": "amanhã",
        "meta": "@sys.date",
        "alias": "departureDate",
        "userDefined": false
      }
    ],
    "isTemplate": false,
    "count": 0,
    "lang": "pt-br",
    "updated": 0
  },
  {
    "id": "5e6eaea5-7e17-4bc5-950f-ee74c133a75d",
    "data": [
      {
        "text": "para",
        "userDefined": false
      },
      {
        "text": " o dia ",
        "userDefined": false
      },
      {
        "text": "05/01",
        "meta": "@sys.date",
        "alias": "departureDate",
        "userDefined": true
      }
    ],
    "isTemplate": false,
    "count": 0,
    "lang": "pt-br",
    "updated": 0
  },
  {
    "id": "2f95720a-38e6-49a0-9030-1e196d850828",
    "data": [
      {
        "text": "quero embarcar na ",
        "userDefined": false
      },
      {
        "text": "próxima quinta",
        "meta": "@sys.date",
        "alias": "departureDate",
        "userDefined": false
      }
    ],
    "isTemplate": false,
    "count": 0,
    "lang": "pt-br",
    "updated": 0
  }
]