[
  {
    "id": "52757c93-aaa8-440a-a95c-af4f0650f363",
    "data": [
      {
        "text": "obrigado por tudo",
        "userDefined": false
      }
    ],
    "isTemplate": false,
    "count": 0,
    "lang": "pt-br",
    "updated": 0
  },
  {
    "id": "b0515a6e-3657-4345-b81c-0a08ad5797a1",
    "data": [
      {
        "text": "obrigado pela ajuda",
        "userDefined": false
      }
    ],
    "isTemplate": false,
    "count": 0,
    "lang": "pt-br",
    "updated": 0
  },
  {
    "id": "4998abfa-bdd1-44e3-b9d2-39b35a74c709",
    "data": [
      {
        "text": "até logo",
        "userDefined": false
      }
    ],
    "isTemplate": false,
    "count": 0,
    "lang": "pt-br",
    "updated": 0
  },
  {
    "id": "092005c4-6a16-4206-8ee8-6b91db5b0073",
    "data": [
      {
        "text": "não preciso de mais nada",
        "userDefined": false
      }
    ],
    "isTemplate": false,
    "count": 0,
    "lang": "pt-br",
    "updated": 0
  },
  {
    "id": "af386afb-f151-40db-9e96-c9feb0654e9c",
    "data": [
      {
        "text": "tchau",
        "userDefined": false
      }
    ],
    "isTemplate": false,
    "count": 0,
    "lang": "pt-br",
    "updated": 0
  },
  {
    "id": "a65a6fdb-8430-462e-8a2e-57efbdc4c053",
    "data": [
      {
        "text": "xau",
        "userDefined": false
      }
    ],
    "isTemplate": false,
    "count": 0,
    "lang": "pt-br",
    "updated": 0
  },
  {
    "id": "a31d3a1c-5aa0-4d43-a0ff-270986def14f",
    "data": [
      {
        "text": "adeus",
        "userDefined": false
      }
    ],
    "isTemplate": false,
    "count": 0,
    "lang": "pt-br",
    "updated": 0
  },
  {
    "id": "beadb2d7-e250-4753-8ff8-e730b0765eb7",
    "data": [
      {
        "text": "até mais",
        "userDefined": false
      }
    ],
    "isTemplate": false,
    "count": 0,
    "lang": "pt-br",
    "updated": 0
  }
]