[
  {
    "id": "db83cda3-c8c9-4929-9904-1f818cc308e7",
    "data": [
      {
        "text": "ir ao menu",
        "userDefined": false
      }
    ],
    "isTemplate": false,
    "count": 0,
    "lang": "pt-br",
    "updated": 0
  },
  {
    "id": "0ce883d6-d72b-48af-a72a-0223ec5444b9",
    "data": [
      {
        "text": "preciso ver o menu de funções",
        "userDefined": false
      }
    ],
    "isTemplate": false,
    "count": 0,
    "lang": "pt-br",
    "updated": 0
  },
  {
    "id": "ec9f3ab6-0dc0-4c7d-b553-02dafa2879b3",
    "data": [
      {
        "text": "gostaria de ver o menu",
        "userDefined": false
      }
    ],
    "isTemplate": false,
    "count": 0,
    "lang": "pt-br",
    "updated": 0
  },
  {
    "id": "4bb134e7-b1fe-4533-a75e-9f07e500fe38",
    "data": [
      {
        "text": "preciso de ajuda",
        "userDefined": false
      }
    ],
    "isTemplate": false,
    "count": 0,
    "lang": "pt-br",
    "updated": 0
  },
  {
    "id": "df2837dd-6eaf-4b79-a242-d473bf232956",
    "data": [
      {
        "text": "quais as suas funcionalidades ?",
        "userDefined": false
      }
    ],
    "isTemplate": false,
    "count": 0,
    "lang": "pt-br",
    "updated": 0
  },
  {
    "id": "7f9f49aa-a88a-4f18-9a40-14ca41fae949",
    "data": [
      {
        "text": "quais suas funções ?",
        "userDefined": false
      }
    ],
    "isTemplate": false,
    "count": 0,
    "lang": "pt-br",
    "updated": 0
  }
]