[
  {
    "id": "8bcad5af-3835-4ef4-bdf2-9ebe1da440ed",
    "data": [
      {
        "text": "meu nome é ",
        "userDefined": false
      },
      {
        "text": "Alan Ribeiro",
        "meta": "@sys.person",
        "alias": "name",
        "userDefined": false
      },
      {
        "text": ", nasci em ",
        "userDefined": false
      },
      {
        "text": "14/02/98",
        "meta": "@sys.date",
        "alias": "birthDate",
        "userDefined": false
      },
      {
        "text": ", cpf ",
        "userDefined": false
      },
      {
        "text": "366.155.160-47",
        "meta": "@CPF",
        "alias": "cpf",
        "userDefined": false
      },
      {
        "text": " e meu telefone é ",
        "userDefined": false
      },
      {
        "text": "(67) 98173-0822",
        "meta": "@Phone",
        "alias": "phone",
        "userDefined": true
      }
    ],
    "isTemplate": false,
    "count": 0,
    "lang": "pt-br",
    "updated": 0
  },
  {
    "id": "2e667761-9655-467b-a0ea-c9fe5411698b",
    "data": [
      {
        "text": "sou ",
        "userDefined": false
      },
      {
        "text": "Alexandre Azambuja",
        "meta": "@sys.person",
        "alias": "name",
        "userDefined": false
      },
      {
        "text": ", cpf ",
        "userDefined": false
      },
      {
        "text": "047.092.440-30",
        "meta": "@CPF",
        "alias": "cpf",
        "userDefined": false
      },
      {
        "text": ", telefone ",
        "userDefined": false
      },
      {
        "text": "(67) 98173-0822",
        "meta": "@Phone",
        "alias": "phone",
        "userDefined": false
      }
    ],
    "isTemplate": false,
    "count": 0,
    "lang": "pt-br",
    "updated": 0
  },
  {
    "id": "7599caa7-8345-4859-8058-fe889097171e",
    "data": [
      {
        "text": "meu nome é ",
        "userDefined": false
      },
      {
        "text": "Otávio Augusto, nasci",
        "meta": "@sys.person",
        "alias": "name",
        "userDefined": false
      },
      {
        "text": " dia ",
        "userDefined": false
      },
      {
        "text": "02/08/1998",
        "meta": "@sys.date",
        "alias": "birthDate",
        "userDefined": true
      },
      {
        "text": " e meu cpf é ",
        "userDefined": false
      },
      {
        "text": "647.586.450-19",
        "meta": "@CPF",
        "alias": "cpf",
        "userDefined": false
      }
    ],
    "isTemplate": false,
    "count": 0,
    "lang": "pt-br",
    "updated": 0
  },
  {
    "id": "567b6c36-6730-4298-b98e-be63c4de0f8f",
    "data": [
      {
        "text": "minha data de ",
        "userDefined": false
      },
      {
        "text": "nascimento",
        "userDefined": false
      },
      {
        "text": " é ",
        "userDefined": false
      },
      {
        "text": "11/02/95",
        "meta": "@sys.date",
        "alias": "birthDate",
        "userDefined": false
      }
    ],
    "isTemplate": false,
    "count": 0,
    "lang": "pt-br",
    "updated": 0
  },
  {
    "id": "e8ffdfb8-292a-409a-898d-dea93fd36ed0",
    "data": [
      {
        "text": "nasci em ",
        "userDefined": false
      },
      {
        "text": "23/12/1991",
        "meta": "@sys.date",
        "alias": "birthDate",
        "userDefined": false
      }
    ],
    "isTemplate": false,
    "count": 0,
    "lang": "pt-br",
    "updated": 0
  },
  {
    "id": "beafeb2b-b04c-403c-8a71-515d90ca5d43",
    "data": [
      {
        "text": "meu cpf é ",
        "userDefined": false
      },
      {
        "text": "047.047.159-06",
        "meta": "@CPF",
        "alias": "cpf",
        "userDefined": false
      }
    ],
    "isTemplate": false,
    "count": 0,
    "lang": "pt-br",
    "updated": 0
  },
  {
    "id": "44e33163-c7ea-4219-94dc-b2f6b84e7109",
    "data": [
      {
        "text": "eu sou ",
        "userDefined": false
      },
      {
        "text": "Amanda de Castro",
        "meta": "@sys.person",
        "alias": "name",
        "userDefined": false
      },
      {
        "text": ", cpf ",
        "userDefined": false
      },
      {
        "text": "18981419086",
        "meta": "@CPF",
        "alias": "cpf",
        "userDefined": false
      },
      {
        "text": ", ",
        "userDefined": false
      },
      {
        "text": "12/04/97",
        "meta": "@sys.date",
        "alias": "birthDate",
        "userDefined": false
      }
    ],
    "isTemplate": false,
    "count": 0,
    "lang": "pt-br",
    "updated": 0
  },
  {
    "id": "a5881f9c-bc34-4846-97b5-20d41834dd01",
    "data": [
      {
        "text": "sou ",
        "userDefined": false
      },
      {
        "text": "Anelyse de Souza Neto",
        "meta": "@sys.person",
        "alias": "name",
        "userDefined": false
      }
    ],
    "isTemplate": false,
    "count": 0,
    "lang": "pt-br",
    "updated": 0
  },
  {
    "id": "b9e1b464-9994-4cc3-b0a6-6226d85e67bf",
    "data": [
      {
        "text": "me ",
        "userDefined": false
      },
      {
        "text": "chamo",
        "userDefined": false
      },
      {
        "text": " ",
        "userDefined": false
      },
      {
        "text": "Roberto Amarantes",
        "meta": "@sys.person",
        "alias": "name",
        "userDefined": false
      }
    ],
    "isTemplate": false,
    "count": 0,
    "lang": "pt-br",
    "updated": 0
  },
  {
    "id": "c512575f-a87e-43cb-a8d9-4d394d74eb93",
    "data": [
      {
        "text": "Meu ",
        "userDefined": false
      },
      {
        "text": "nome",
        "userDefined": false
      },
      {
        "text": " é ",
        "userDefined": false
      },
      {
        "text": "Julia Andrande",
        "meta": "@sys.person",
        "alias": "name",
        "userDefined": false
      }
    ],
    "isTemplate": false,
    "count": 0,
    "lang": "pt-br",
    "updated": 0
  }
]