[
  {
    "id": "9b57472e-36e0-458f-a011-f162be275aeb",
    "data": [
      {
        "text": "checkin",
        "userDefined": false
      }
    ],
    "isTemplate": false,
    "count": 0,
    "lang": "pt-br",
    "updated": 0
  },
  {
    "id": "4a5c5973-d515-47a9-b0a5-f519b0d84046",
    "data": [
      {
        "text": "checkin de passagem",
        "userDefined": false
      }
    ],
    "isTemplate": false,
    "count": 0,
    "lang": "pt-br",
    "updated": 0
  },
  {
    "id": "a4b69db1-f990-48c3-8cf6-0c71bb735551",
    "data": [
      {
        "text": "realizar checkin",
        "userDefined": false
      }
    ],
    "isTemplate": false,
    "count": 0,
    "lang": "pt-br",
    "updated": 0
  },
  {
    "id": "ffe6cfa7-b588-4c1c-98bb-fbf0ec748ec7",
    "data": [
      {
        "text": "quero fazer checkin",
        "userDefined": false
      }
    ],
    "isTemplate": false,
    "count": 0,
    "lang": "pt-br",
    "updated": 0
  },
  {
    "id": "220dc036-c928-4ddc-b0af-015ea102e56c",
    "data": [
      {
        "text": "preciso fazer o checkin do meu voo",
        "userDefined": false
      }
    ],
    "isTemplate": false,
    "count": 0,
    "lang": "pt-br",
    "updated": 0
  },
  {
    "id": "78a58a36-7382-4edc-9f3c-e489519b4a8c",
    "data": [
      {
        "text": "quero fazer o checkin da minha passagem,",
        "userDefined": false
      }
    ],
    "isTemplate": false,
    "count": 0,
    "lang": "pt-br",
    "updated": 0
  }
]