[
  {
    "id": "3bc6b08e-1f8d-4899-9f7d-cf78a6e4b003",
    "data": [
      {
        "text": "opção ",
        "userDefined": false
      },
      {
        "text": "2",
        "meta": "@sys.number-integer",
        "alias": "option",
        "userDefined": false
      }
    ],
    "isTemplate": false,
    "count": 0,
    "lang": "pt-br",
    "updated": 0
  },
  {
    "id": "33ac5746-5a14-445b-ad1d-7fb7f848e995",
    "data": [
      {
        "text": "quero que reserve a ",
        "userDefined": false
      },
      {
        "text": "3",
        "meta": "@sys.number-integer",
        "alias": "option",
        "userDefined": false
      }
    ],
    "isTemplate": false,
    "count": 0,
    "lang": "pt-br",
    "updated": 0
  },
  {
    "id": "b0b6824a-ddf1-4e7c-924a-82cf365ea5a9",
    "data": [
      {
        "text": "reserva ",
        "userDefined": false
      },
      {
        "text": "para",
        "userDefined": false
      },
      {
        "text": " mim a ",
        "userDefined": false
      },
      {
        "text": "1",
        "meta": "@sys.number-integer",
        "alias": "option",
        "userDefined": false
      }
    ],
    "isTemplate": false,
    "count": 0,
    "lang": "pt-br",
    "updated": 0
  },
  {
    "id": "204a9678-7218-4b35-b523-cf6f54fe85ec",
    "data": [
      {
        "text": "quero a opção ",
        "userDefined": false
      },
      {
        "text": "2",
        "meta": "@sys.number-integer",
        "alias": "option",
        "userDefined": false
      }
    ],
    "isTemplate": false,
    "count": 0,
    "lang": "pt-br",
    "updated": 0
  },
  {
    "id": "1b244f82-6d5b-41f4-9686-3cfa85791387",
    "data": [
      {
        "text": "a ",
        "userDefined": false
      },
      {
        "text": "3",
        "meta": "@sys.number-integer",
        "alias": "option",
        "userDefined": false
      }
    ],
    "isTemplate": false,
    "count": 0,
    "lang": "pt-br",
    "updated": 0
  },
  {
    "id": "06d0107b-dc30-4e4b-a133-d74cc16b0325",
    "data": [
      {
        "text": "reserva a ",
        "userDefined": false
      },
      {
        "text": "1",
        "meta": "@sys.number-integer",
        "alias": "option",
        "userDefined": false
      }
    ],
    "isTemplate": false,
    "count": 0,
    "lang": "pt-br",
    "updated": 0
  },
  {
    "id": "84715341-1f85-4eca-9a84-cb6d02733285",
    "data": [
      {
        "text": "quero a ",
        "userDefined": false
      },
      {
        "text": "2",
        "meta": "@sys.number-integer",
        "alias": "option",
        "userDefined": false
      }
    ],
    "isTemplate": false,
    "count": 0,
    "lang": "pt-br",
    "updated": 0
  },
  {
    "id": "6cab9300-9df5-42fa-8daa-50d1f1206d79",
    "data": [
      {
        "text": "quero reservar a opção ",
        "userDefined": false
      },
      {
        "text": "3",
        "meta": "@sys.number-integer",
        "alias": "option",
        "userDefined": false
      }
    ],
    "isTemplate": false,
    "count": 0,
    "lang": "pt-br",
    "updated": 0
  }
]