[
  {
    "id": "92bb3fb3-feb9-433e-ad9e-17644d9ff6a5",
    "data": [
      {
        "text": "visualizar status de voo",
        "userDefined": false
      }
    ],
    "isTemplate": false,
    "count": 0,
    "lang": "pt-br",
    "updated": 0
  },
  {
    "id": "26d806cf-9b71-46ff-a89d-d7e467c88c53",
    "data": [
      {
        "text": "como esta minha passagem ?",
        "userDefined": false
      }
    ],
    "isTemplate": false,
    "count": 0,
    "lang": "pt-br",
    "updated": 0
  },
  {
    "id": "91386586-1294-429c-8bd5-7cae47e3c44c",
    "data": [
      {
        "text": "qual a situação do meu voo ?",
        "userDefined": false
      }
    ],
    "isTemplate": false,
    "count": 0,
    "lang": "pt-br",
    "updated": 0
  },
  {
    "id": "7fd7e38d-4561-4c63-a667-2bc51034c19f",
    "data": [
      {
        "text": "Quero ver o status da ",
        "userDefined": false
      },
      {
        "text": "mnha",
        "userDefined": false
      },
      {
        "text": " passagem",
        "userDefined": false
      }
    ],
    "isTemplate": false,
    "count": 0,
    "lang": "pt-br",
    "updated": 0
  },
  {
    "id": "95345667-c9a1-4906-aa25-58fd01a7a5ff",
    "data": [
      {
        "text": "status",
        "userDefined": false
      }
    ],
    "isTemplate": false,
    "count": 0,
    "lang": "pt-br",
    "updated": 0
  }
]