[
  {
    "id": "46066d0b-bf7b-4949-b186-aad43d7d35de",
    "data": [
      {
        "text": "05/01/2022",
        "meta": "@sys.date",
        "alias": "returnDate",
        "userDefined": false
      }
    ],
    "isTemplate": false,
    "count": 0,
    "lang": "pt-br",
    "updated": 0
  },
  {
    "id": "f2fb1ce9-7162-479e-80b3-0c98899f98fc",
    "data": [
      {
        "text": "dia ",
        "userDefined": false
      },
      {
        "text": "25/12",
        "meta": "@sys.date",
        "alias": "returnDate",
        "userDefined": false
      }
    ],
    "isTemplate": false,
    "count": 0,
    "lang": "pt-br",
    "updated": 0
  },
  {
    "id": "83d7bdf5-beb7-44c7-8a43-e79445aa74ee",
    "data": [
      {
        "text": "a volta vai ser na ",
        "userDefined": false
      },
      {
        "text": "próxima terça",
        "meta": "@sys.date",
        "alias": "returnDate",
        "userDefined": false
      }
    ],
    "isTemplate": false,
    "count": 0,
    "lang": "pt-br",
    "updated": 0
  },
  {
    "id": "65acacb7-9ccc-4f01-a0c1-2f6be4e805ec",
    "data": [
      {
        "text": "dia ",
        "userDefined": false
      },
      {
        "text": "25 de dezembro",
        "meta": "@sys.date",
        "alias": "returnDate",
        "userDefined": false
      }
    ],
    "isTemplate": false,
    "count": 0,
    "lang": "pt-br",
    "updated": 0
  },
  {
    "id": "b6c1d7e0-b22e-4660-b6c1-6f83a099c4c7",
    "data": [
      {
        "text": "quero voltar dia ",
        "userDefined": false
      },
      {
        "text": "25/12",
        "meta": "@sys.date",
        "alias": "returnDate",
        "userDefined": false
      }
    ],
    "isTemplate": false,
    "count": 0,
    "lang": "pt-br",
    "updated": 0
  }
]