[
  {
    "id": "dfcd57c3-a856-47ec-b2e7-473e30800a33",
    "data": [
      {
        "text": "os lugares ",
        "userDefined": false
      },
      {
        "text": "8C",
        "meta": "@sys.any",
        "alias": "seatGoing",
        "userDefined": false
      },
      {
        "text": " e ",
        "userDefined": false
      },
      {
        "text": "4A",
        "meta": "@sys.any",
        "alias": "seatReturn",
        "userDefined": false
      }
    ],
    "isTemplate": false,
    "count": 0,
    "lang": "pt-br",
    "updated": 0
  },
  {
    "id": "6ab34ad0-136c-4e75-beba-aa6ee28ca4ca",
    "data": [
      {
        "text": "ida: ",
        "userDefined": false
      },
      {
        "text": "1A",
        "meta": "@sys.any",
        "alias": "seatGoing",
        "userDefined": false
      },
      {
        "text": ", volta: ",
        "userDefined": false
      },
      {
        "text": "3D",
        "meta": "@sys.any",
        "alias": "seatReturn",
        "userDefined": true
      }
    ],
    "isTemplate": false,
    "count": 0,
    "lang": "pt-br",
    "updated": 0
  },
  {
    "id": "1468fbbf-719b-4611-a5ee-ba243c86967f",
    "data": [
      {
        "text": "3B",
        "meta": "@sys.any",
        "alias": "seatGoing",
        "userDefined": false
      },
      {
        "text": " e ",
        "userDefined": false
      },
      {
        "text": "4A",
        "meta": "@sys.any",
        "alias": "seatReturn",
        "userDefined": false
      }
    ],
    "isTemplate": false,
    "count": 0,
    "lang": "pt-br",
    "updated": 0
  },
  {
    "id": "33f439d5-bce9-4dff-8f17-68ffb28624ac",
    "data": [
      {
        "text": "quero as poltronas ",
        "userDefined": false
      },
      {
        "text": "9E",
        "meta": "@sys.any",
        "alias": "seatGoing",
        "userDefined": true
      },
      {
        "text": " e ",
        "userDefined": false
      },
      {
        "text": "2F",
        "meta": "@sys.any",
        "alias": "seatReturn",
        "userDefined": false
      }
    ],
    "isTemplate": false,
    "count": 0,
    "lang": "pt-br",
    "updated": 0
  }
]