[
  {
    "id": "39a54f89-2fcd-4556-a1c7-6be00e527358",
    "data": [
      {
        "text": "quero ",
        "userDefined": false
      },
      {
        "text": "uma",
        "userDefined": false
      },
      {
        "text": " ",
        "userDefined": false
      },
      {
        "text": "passagem",
        "userDefined": false
      }
    ],
    "isTemplate": false,
    "count": 0,
    "lang": "pt-br",
    "updated": 0
  },
  {
    "id": "3a51956a-2959-470a-bcab-68b16ab4c141",
    "data": [
      {
        "text": "quais passagens tem para",
        "userDefined": false
      }
    ],
    "isTemplate": false,
    "count": 0,
    "lang": "pt-br",
    "updated": 0
  },
  {
    "id": "c39b8f43-5fb5-4f5a-9e95-2dc7decc4ba4",
    "data": [
      {
        "text": "preciso de de ",
        "userDefined": false
      },
      {
        "text": "um",
        "userDefined": false
      },
      {
        "text": " voo",
        "userDefined": false
      }
    ],
    "isTemplate": false,
    "count": 0,
    "lang": "pt-br",
    "updated": 0
  },
  {
    "id": "8dd5da3f-e7b9-433d-91d4-a836b719e9d1",
    "data": [
      {
        "text": "quero procurar ",
        "userDefined": false
      },
      {
        "text": "uma",
        "userDefined": false
      },
      {
        "text": " passagem",
        "userDefined": false
      }
    ],
    "isTemplate": false,
    "count": 0,
    "lang": "pt-br",
    "updated": 0
  }
]