[
  {
    "id": "51570e69-45a9-4a28-bcab-e81de94b8893",
    "data": [
      {
        "text": "123.123.123-22",
        "meta": "@CPF",
        "alias": "cpf",
        "userDefined": false
      },
      {
        "text": ", codigo ",
        "userDefined": false
      },
      {
        "text": "1234",
        "meta": "@sys.number-integer",
        "alias": "flightCode",
        "userDefined": false
      }
    ],
    "isTemplate": false,
    "count": 0,
    "lang": "pt-br",
    "updated": 0
  },
  {
    "id": "8dd0ac33-b324-4c35-a902-e394ee1c8a54",
    "data": [
      {
        "text": "111.222.333-44",
        "meta": "@CPF",
        "alias": "cpf",
        "userDefined": false
      },
      {
        "text": ", ",
        "userDefined": false
      },
      {
        "text": "1234",
        "meta": "@sys.number-integer",
        "alias": "flightCode",
        "userDefined": false
      }
    ],
    "isTemplate": false,
    "count": 0,
    "lang": "pt-br",
    "updated": 0
  },
  {
    "id": "6b0c44a8-f31c-49b1-abd1-b4981b527a9f",
    "data": [
      {
        "text": "codigo ",
        "userDefined": false
      },
      {
        "text": "1234",
        "meta": "@sys.number-integer",
        "alias": "flightCode",
        "userDefined": false
      },
      {
        "text": " cpf ",
        "userDefined": false
      },
      {
        "text": "123.456.789-01",
        "meta": "@CPF",
        "alias": "cpf",
        "userDefined": false
      }
    ],
    "isTemplate": false,
    "count": 0,
    "lang": "pt-br",
    "updated": 0
  },
  {
    "id": "06de8ce8-c040-4392-ac81-4671d03ecc8d",
    "data": [
      {
        "text": "codigo de voo: ",
        "userDefined": false
      },
      {
        "text": "8888",
        "meta": "@sys.number-integer",
        "alias": "flightCode",
        "userDefined": false
      },
      {
        "text": ", cpf: ",
        "userDefined": false
      },
      {
        "text": "777.212.480-51",
        "meta": "@CPF",
        "alias": "cpf",
        "userDefined": false
      }
    ],
    "isTemplate": false,
    "count": 0,
    "lang": "pt-br",
    "updated": 0
  },
  {
    "id": "67a9fc3c-b8f5-4bc0-9292-5671180bde1d",
    "data": [
      {
        "text": "meu código é ",
        "userDefined": false
      },
      {
        "text": "3355",
        "meta": "@sys.number-integer",
        "alias": "flightCode",
        "userDefined": false
      },
      {
        "text": ", e meu cpf é ",
        "userDefined": false
      },
      {
        "text": "777.212.480-51",
        "meta": "@CPF",
        "alias": "cpf",
        "userDefined": false
      }
    ],
    "isTemplate": false,
    "count": 0,
    "lang": "pt-br",
    "updated": 0
  },
  {
    "id": "a040e3a3-8f79-4d6b-a0f0-651f762fee8e",
    "data": [
      {
        "text": "5533",
        "meta": "@sys.number-integer",
        "alias": "flightCode",
        "userDefined": false
      },
      {
        "text": ", ",
        "userDefined": false
      },
      {
        "text": "777.212.480-51",
        "meta": "@CPF",
        "alias": "cpf",
        "userDefined": true
      }
    ],
    "isTemplate": false,
    "count": 0,
    "lang": "pt-br",
    "updated": 0
  }
]