[
  {
    "id": "d7fb6998-9cd5-4798-a038-2ed556f769c2",
    "data": [
      {
        "text": "em ",
        "userDefined": false
      },
      {
        "text": "Guarulhos",
        "meta": "@IATA",
        "alias": "whereTo",
        "userDefined": false
      }
    ],
    "isTemplate": false,
    "count": 0,
    "lang": "pt-br",
    "updated": 0
  },
  {
    "id": "966e973a-90fb-459a-9e1a-a5c8876c29ab",
    "data": [
      {
        "text": "quero ir para ",
        "userDefined": false
      },
      {
        "text": "VCP",
        "meta": "@IATA",
        "alias": "whereTo",
        "userDefined": false
      }
    ],
    "isTemplate": false,
    "count": 0,
    "lang": "pt-br",
    "updated": 0
  },
  {
    "id": "91224ea2-5235-4403-8e90-e3022cb68f61",
    "data": [
      {
        "text": "para o ",
        "userDefined": false
      },
      {
        "text": "aeroporto de Brasília",
        "meta": "@IATA",
        "alias": "whereTo",
        "userDefined": false
      }
    ],
    "isTemplate": false,
    "count": 0,
    "lang": "pt-br",
    "updated": 0
  },
  {
    "id": "96d7a6a9-9d84-4b46-944f-86393e3041bd",
    "data": [
      {
        "text": "Vou ",
        "userDefined": false
      },
      {
        "text": "para",
        "userDefined": false
      },
      {
        "text": " ",
        "userDefined": false
      },
      {
        "text": "Congonhas",
        "meta": "@IATA",
        "alias": "whereTo",
        "userDefined": false
      }
    ],
    "isTemplate": false,
    "count": 0,
    "lang": "pt-br",
    "updated": 0
  }
]