[
  {
    "id": "bc77601e-3187-4d4c-9b89-0059d77895cb",
    "data": [
      {
        "text": "De ",
        "userDefined": false
      },
      {
        "text": "Congonhas",
        "meta": "@IATA",
        "alias": "whereFrom",
        "userDefined": false
      }
    ],
    "isTemplate": false,
    "count": 0,
    "lang": "pt-br",
    "updated": 0
  },
  {
    "id": "0bad0b24-783e-45f0-8c08-08d790d975a3",
    "data": [
      {
        "text": "Vou sair do ",
        "userDefined": false
      },
      {
        "text": "aeroporto de Campo Grande",
        "meta": "@IATA",
        "alias": "whereFrom",
        "userDefined": false
      }
    ],
    "isTemplate": false,
    "count": 0,
    "lang": "pt-br",
    "updated": 0
  },
  {
    "id": "30f99442-5543-4e2d-90fb-518a26107631",
    "data": [
      {
        "text": "A partida vai ser no ",
        "userDefined": false
      },
      {
        "text": "Aeroporto Internacional de Campo Grande",
        "meta": "@IATA",
        "alias": "whereFrom",
        "userDefined": false
      }
    ],
    "isTemplate": false,
    "count": 1,
    "lang": "pt-br",
    "updated": 0
  },
  {
    "id": "574aed59-7263-4483-bb52-57df9b530f1c",
    "data": [
      {
        "text": "Vou sair de ",
        "userDefined": false
      },
      {
        "text": "Congonhas",
        "meta": "@IATA",
        "alias": "whereFrom",
        "userDefined": false
      }
    ],
    "isTemplate": false,
    "count": 0,
    "lang": "pt-br",
    "updated": 0
  },
  {
    "id": "db006ca9-da44-4555-ab03-5b2798eeeef4",
    "data": [
      {
        "text": "Quero sair de ",
        "userDefined": false
      },
      {
        "text": "Vira Copos",
        "meta": "@IATA",
        "alias": "whereFrom",
        "userDefined": false
      }
    ],
    "isTemplate": false,
    "count": 0,
    "lang": "pt-br",
    "updated": 0
  }
]